filename,class,label,split
114 (25).jpg,Normal,0,train
60 (6).jpg,Normal,0,train
109 (27).jpg,Normal,0,train
52 (29).jpg,Normal,0,train
108 (26).jpg,Normal,0,train
52 (21).jpg,Normal,0,train
53 (33).jpg,Normal,0,train
113 (16).jpg,Normal,0,train
95 (21).jpg,Normal,0,train
120 (14).jpg,Normal,0,train
105 (8).jpg,Normal,0,train
101 (15).jpg,Normal,0,train
109 (22).jpg,Normal,0,train
103 (15).jpg,Normal,0,train
110 (21).jpg,Normal,0,train
62 (18).jpg,Normal,0,train
60 (21).jpg,Normal,0,train
107 (1).jpg,Normal,0,train
52 (13).jpg,Normal,0,train
102 (4).jpg,Normal,0,train
104 (15).jpg,Normal,0,train
118 (20).jpg,Normal,0,train
111 (29).jpg,Normal,0,train
95 (1).jpg,Normal,0,train
60 (22).jpg,Normal,0,train
96 (24).jpg,Normal,0,train
123 (35).jpg,Normal,0,train
65 (3).jpg,Normal,0,train
130 (1).jpg,Normal,0,train
104 (14).jpg,Normal,0,train
110 (5).jpg,Normal,0,train
116 (16).jpg,Normal,0,train
54 (13).jpg,Normal,0,train
127 (28).jpg,Normal,0,train
107 (8).jpg,Normal,0,train
59 (20).jpg,Normal,0,train
102 (16).jpg,Normal,0,train
117 (24).jpg,Normal,0,train
64 (23).jpg,Normal,0,train
127 (18).jpg,Normal,0,train
118 (3).jpg,Normal,0,train
65 (13).jpg,Normal,0,train
101 (23).jpg,Normal,0,train
49 (30).jpg,Normal,0,train
51 (10).jpg,Normal,0,train
50 (6).jpg,Normal,0,train
105 (6).jpg,Normal,0,train
105 (5).jpg,Normal,0,train
122 (10).jpg,Normal,0,train
53 (18).jpg,Normal,0,train
59 (24).jpg,Normal,0,train
123 (13).jpg,Normal,0,train
125 (15).jpg,Normal,0,train
121 (19).jpg,Normal,0,train
55 (7).jpg,Normal,0,train
121 (24).jpg,Normal,0,train
106 (8).jpg,Normal,0,train
60 (2).jpg,Normal,0,train
126 (24).jpg,Normal,0,train
130 (15).jpg,Normal,0,train
49 (25).jpg,Normal,0,train
54 (4).jpg,Normal,0,train
53 (41).jpg,Normal,0,train
126 (20).jpg,Normal,0,train
121 (7).jpg,Normal,0,train
111 (20).jpg,Normal,0,train
49 (23).jpg,Normal,0,train
52 (39).jpg,Normal,0,train
106 (21).jpg,Normal,0,train
129 (19).jpg,Normal,0,train
62 (19).jpg,Normal,0,train
62 (4).jpg,Normal,0,train
126 (19).jpg,Normal,0,train
128 (8).jpg,Normal,0,train
120 (18).jpg,Normal,0,train
115 (17).jpg,Normal,0,train
124 (30).jpg,Normal,0,train
127 (24).jpg,Normal,0,train
51 (14).jpg,Normal,0,train
128 (26).jpg,Normal,0,train
50 (11).jpg,Normal,0,train
49 (5).jpg,Normal,0,train
103 (27).jpg,Normal,0,train
125 (7).jpg,Normal,0,train
112 (4).jpg,Normal,0,train
114 (8).jpg,Normal,0,train
110 (14).jpg,Normal,0,train
50 (5).jpg,Normal,0,train
60 (29).jpg,Normal,0,train
49 (22).jpg,Normal,0,train
65 (1).jpg,Normal,0,train
115 (24).jpg,Normal,0,train
122 (4).jpg,Normal,0,train
110 (9).jpg,Normal,0,train
117 (22).jpg,Normal,0,train
112 (21).jpg,Normal,0,train
107 (12).jpg,Normal,0,train
112 (7).jpg,Normal,0,train
61 (18).jpg,Normal,0,train
59 (6).jpg,Normal,0,train
51 (20).jpg,Normal,0,train
123 (3).jpg,Normal,0,train
112 (6).jpg,Normal,0,train
55 (20).jpg,Normal,0,train
96 (4).jpg,Normal,0,train
125 (33).jpg,Normal,0,train
59 (27).jpg,Normal,0,train
129 (18).jpg,Normal,0,train
54 (17).jpg,Normal,0,train
130 (10).jpg,Normal,0,train
112 (8).jpg,Normal,0,train
52 (34).jpg,Normal,0,train
127 (20).jpg,Normal,0,train
57 (22).jpg,Normal,0,train
51 (40).jpg,Normal,0,train
126 (2).jpg,Normal,0,train
65 (29).jpg,Normal,0,train
103 (17).jpg,Normal,0,train
118 (2).jpg,Normal,0,train
129 (15).jpg,Normal,0,train
129 (30).jpg,Normal,0,train
63 (24).jpg,Normal,0,train
99 (18).jpg,Normal,0,train
101 (6).jpg,Normal,0,train
49 (4).jpg,Normal,0,train
121 (2).jpg,Normal,0,train
130 (22).jpg,Normal,0,train
125 (12).jpg,Normal,0,train
95 (22).jpg,Normal,0,train
110 (17).jpg,Normal,0,train
121 (5).jpg,Normal,0,train
56 (24).jpg,Normal,0,train
60 (23).jpg,Normal,0,train
62 (11).jpg,Normal,0,train
98 (3).jpg,Normal,0,train
112 (23).jpg,Normal,0,train
59 (5).jpg,Normal,0,train
57 (9).jpg,Normal,0,train
124 (11).jpg,Normal,0,train
61 (13).jpg,Normal,0,train
127 (27).jpg,Normal,0,train
53 (15).jpg,Normal,0,train
57 (15).jpg,Normal,0,train
54 (16).jpg,Normal,0,train
112 (10).jpg,Normal,0,train
101 (22).jpg,Normal,0,train
64 (17).jpg,Normal,0,train
106 (27).jpg,Normal,0,train
120 (1).jpg,Normal,0,train
122 (22).jpg,Normal,0,train
124 (4).jpg,Normal,0,train
52 (3).jpg,Normal,0,train
112 (18).jpg,Normal,0,train
129 (20).jpg,Normal,0,train
127 (11).jpg,Normal,0,train
50 (2).jpg,Normal,0,train
55 (17).jpg,Normal,0,train
54 (25).jpg,Normal,0,train
115 (25).jpg,Normal,0,train
124 (8).jpg,Normal,0,train
117 (19).jpg,Normal,0,train
117 (2).jpg,Normal,0,train
101 (11).jpg,Normal,0,train
102 (10).jpg,Normal,0,train
114 (11).jpg,Normal,0,train
121 (6).jpg,Normal,0,train
51 (18).jpg,Normal,0,train
54 (26).jpg,Normal,0,train
50 (14).jpg,Normal,0,train
95 (16).jpg,Normal,0,train
55 (22).jpg,Normal,0,train
126 (13).jpg,Normal,0,train
117 (13).jpg,Normal,0,train
54 (14).jpg,Normal,0,train
49 (7).jpg,Normal,0,train
65 (30).jpg,Normal,0,train
109 (24).jpg,Normal,0,train
119 (20).jpg,Normal,0,train
100 (23).jpg,Normal,0,train
102 (9).jpg,Normal,0,train
120 (7).jpg,Normal,0,train
119 (25).jpg,Normal,0,train
117 (4).jpg,Normal,0,train
96 (29).jpg,Normal,0,train
123 (4).jpg,Normal,0,train
126 (14).jpg,Normal,0,train
106 (9).jpg,Normal,0,train
121 (27).jpg,Normal,0,train
103 (29).jpg,Normal,0,train
117 (23).jpg,Normal,0,train
62 (3).jpg,Normal,0,train
110 (27).jpg,Normal,0,train
100 (17).jpg,Normal,0,train
102 (19).jpg,Normal,0,train
126 (6).jpg,Normal,0,train
105 (10).jpg,Normal,0,train
52 (33).jpg,Normal,0,train
111 (15).jpg,Normal,0,train
95 (23).jpg,Normal,0,train
103 (22).jpg,Normal,0,train
63 (31).jpg,Normal,0,train
98 (12).jpg,Normal,0,train
106 (29).jpg,Normal,0,train
63 (3).jpg,Normal,0,train
123 (20).jpg,Normal,0,train
98 (27).jpg,Normal,0,train
99 (23).jpg,Normal,0,train
106 (13).jpg,Normal,0,train
57 (1).jpg,Normal,0,train
63 (1).jpg,Normal,0,train
109 (5).jpg,Normal,0,train
103 (16).jpg,Normal,0,train
101 (13).jpg,Normal,0,train
104 (19).jpg,Normal,0,train
116 (21).jpg,Normal,0,train
100 (4).jpg,Normal,0,train
125 (31).jpg,Normal,0,train
103 (9).jpg,Normal,0,train
60 (27).jpg,Normal,0,train
100 (18).jpg,Normal,0,train
53 (9).jpg,Normal,0,train
112 (2).jpg,Normal,0,train
96 (8).jpg,Normal,0,train
125 (6).jpg,Normal,0,train
118 (18).jpg,Normal,0,train
119 (15).jpg,Normal,0,train
119 (28).jpg,Normal,0,train
127 (8).jpg,Normal,0,train
113 (21).jpg,Normal,0,train
56 (12).jpg,Normal,0,train
56 (26).jpg,Normal,0,train
105 (18).jpg,Normal,0,train
53 (39).jpg,Normal,0,train
125 (19).jpg,Normal,0,train
53 (1).jpg,Normal,0,train
53 (10).jpg,Normal,0,train
60 (9).jpg,Normal,0,train
60 (4).jpg,Normal,0,train
129 (3).jpg,Normal,0,train
112 (19).jpg,Normal,0,train
101 (8).jpg,Normal,0,train
126 (25).jpg,Normal,0,train
128 (2).jpg,Normal,0,train
130 (26).jpg,Normal,0,train
51 (3).jpg,Normal,0,train
96 (26).jpg,Normal,0,train
59 (10).jpg,Normal,0,train
125 (40).jpg,Normal,0,train
116 (22).jpg,Normal,0,train
125 (13).jpg,Normal,0,train
108 (16).jpg,Normal,0,train
123 (2).jpg,Normal,0,train
105 (24).jpg,Normal,0,train
59 (14).jpg,Normal,0,train
52 (19).jpg,Normal,0,train
130 (16).jpg,Normal,0,train
130 (27).jpg,Normal,0,train
113 (2).jpg,Normal,0,train
51 (5).jpg,Normal,0,train
54 (19).jpg,Normal,0,train
114 (5).jpg,Normal,0,train
65 (21).jpg,Normal,0,train
53 (28).jpg,Normal,0,train
119 (5).jpg,Normal,0,train
113 (14).jpg,Normal,0,train
119 (4).jpg,Normal,0,train
116 (24).jpg,Normal,0,train
113 (11).jpg,Normal,0,train
49 (12).jpg,Normal,0,train
123 (37).jpg,Normal,0,train
62 (20).jpg,Normal,0,train
102 (30).jpg,Normal,0,train
124 (24).jpg,Normal,0,train
118 (6).jpg,Normal,0,train
121 (28).jpg,Normal,0,train
106 (10).jpg,Normal,0,train
51 (2).jpg,Normal,0,train
122 (23).jpg,Normal,0,train
130 (6).jpg,Normal,0,train
115 (21).jpg,Normal,0,train
126 (21).jpg,Normal,0,train
126 (26).jpg,Normal,0,train
112 (14).jpg,Normal,0,train
102 (15).jpg,Normal,0,train
59 (15).jpg,Normal,0,train
123 (31).jpg,Normal,0,train
120 (9).jpg,Normal,0,train
105 (11).jpg,Normal,0,train
61 (5).jpg,Normal,0,train
101 (27).jpg,Normal,0,train
127 (6).jpg,Normal,0,train
49 (27).jpg,Normal,0,train
62 (16).jpg,Normal,0,train
103 (28).jpg,Normal,0,train
62 (6).jpg,Normal,0,train
126 (16).jpg,Normal,0,train
96 (10).jpg,Normal,0,train
96 (18).jpg,Normal,0,train
100 (5).jpg,Normal,0,train
111 (24).jpg,Normal,0,train
118 (15).jpg,Normal,0,train
56 (4).jpg,Normal,0,train
119 (30).jpg,Normal,0,train
100 (2).jpg,Normal,0,train
51 (11).jpg,Normal,0,train
51 (22).jpg,Normal,0,train
117 (15).jpg,Normal,0,train
111 (30).jpg,Normal,0,train
119 (19).jpg,Normal,0,train
60 (17).jpg,Normal,0,train
56 (25).jpg,Normal,0,train
62 (9).jpg,Normal,0,train
99 (28).jpg,Normal,0,train
99 (16).jpg,Normal,0,train
52 (7).jpg,Normal,0,train
130 (29).jpg,Normal,0,train
113 (20).jpg,Normal,0,train
104 (10).jpg,Normal,0,train
124 (17).jpg,Normal,0,train
111 (6).jpg,Normal,0,train
63 (25).jpg,Normal,0,train
56 (28).jpg,Normal,0,train
123 (29).jpg,Normal,0,train
55 (30).jpg,Normal,0,train
102 (27).jpg,Normal,0,train
129 (14).jpg,Normal,0,train
117 (21).jpg,Normal,0,train
107 (30).jpg,Normal,0,train
59 (9).jpg,Normal,0,train
121 (3).jpg,Normal,0,train
107 (28).jpg,Normal,0,train
130 (4).jpg,Normal,0,train
54 (22).jpg,Normal,0,train
63 (26).jpg,Normal,0,train
50 (38).jpg,Normal,0,train
129 (10).jpg,Normal,0,train
96 (7).jpg,Normal,0,train
121 (12).jpg,Normal,0,train
123 (10).jpg,Normal,0,train
63 (9).jpg,Normal,0,train
49 (31).jpg,Normal,0,train
120 (27).jpg,Normal,0,train
118 (9).jpg,Normal,0,train
102 (7).jpg,Normal,0,train
52 (5).jpg,Normal,0,train
103 (1).jpg,Normal,0,train
119 (7).jpg,Normal,0,train
99 (26).jpg,Normal,0,train
56 (6).jpg,Normal,0,train
103 (8).jpg,Normal,0,train
117 (27).jpg,Normal,0,train
107 (14).jpg,Normal,0,train
56 (8).jpg,Normal,0,train
122 (19).jpg,Normal,0,train
57 (28).jpg,Normal,0,train
100 (8).jpg,Normal,0,train
105 (19).jpg,Normal,0,train
64 (5).jpg,Normal,0,train
127 (2).jpg,Normal,0,train
104 (7).jpg,Normal,0,train
61 (15).jpg,Normal,0,train
50 (3).jpg,Normal,0,train
107 (20).jpg,Normal,0,train
99 (3).jpg,Normal,0,train
61 (10).jpg,Normal,0,train
50 (12).jpg,Normal,0,train
51 (46).jpg,Normal,0,train
63 (36).jpg,Normal,0,train
95 (3).jpg,Normal,0,train
99 (1).jpg,Normal,0,train
104 (28).jpg,Normal,0,train
95 (8).jpg,Normal,0,train
51 (9).jpg,Normal,0,train
60 (11).jpg,Normal,0,train
123 (24).jpg,Normal,0,train
54 (7).jpg,Normal,0,train
95 (24).jpg,Normal,0,train
96 (11).jpg,Normal,0,train
123 (27).jpg,Normal,0,train
54 (27).jpg,Normal,0,train
110 (26).jpg,Normal,0,train
114 (14).jpg,Normal,0,train
106 (17).jpg,Normal,0,train
117 (17).jpg,Normal,0,train
129 (24).jpg,Normal,0,train
105 (20).jpg,Normal,0,train
118 (28).jpg,Normal,0,train
124 (2).jpg,Normal,0,train
126 (11).jpg,Normal,0,train
111 (31).jpg,Normal,0,train
126 (17).jpg,Normal,0,train
64 (1).jpg,Normal,0,train
95 (17).jpg,Normal,0,train
130 (8).jpg,Normal,0,train
101 (17).jpg,Normal,0,train
49 (10).jpg,Normal,0,train
98 (8).jpg,Normal,0,train
98 (21).jpg,Normal,0,train
124 (26).jpg,Normal,0,train
122 (2).jpg,Normal,0,train
50 (10).jpg,Normal,0,train
63 (11).jpg,Normal,0,train
108 (5).jpg,Normal,0,train
50 (22).jpg,Normal,0,train
129 (17).jpg,Normal,0,train
128 (13).jpg,Normal,0,train
53 (14).jpg,Normal,0,train
110 (1).jpg,Normal,0,train
123 (12).jpg,Normal,0,train
61 (8).jpg,Normal,0,train
100 (26).jpg,Normal,0,train
61 (22).jpg,Normal,0,train
51 (1).jpg,Normal,0,train
96 (19).jpg,Normal,0,train
113 (24).jpg,Normal,0,train
111 (18).jpg,Normal,0,train
123 (1).jpg,Normal,0,train
64 (16).jpg,Normal,0,train
113 (8).jpg,Normal,0,train
116 (13).jpg,Normal,0,train
107 (7).jpg,Normal,0,train
112 (26).jpg,Normal,0,train
49 (28).jpg,Normal,0,train
100 (3).jpg,Normal,0,train
65 (4).jpg,Normal,0,train
113 (17).jpg,Normal,0,train
59 (22).jpg,Normal,0,train
60 (3).jpg,Normal,0,train
95 (4).jpg,Normal,0,train
124 (20).jpg,Normal,0,train
111 (4).jpg,Normal,0,train
65 (2).jpg,Normal,0,train
63 (15).jpg,Normal,0,train
53 (12).jpg,Normal,0,train
61 (20).jpg,Normal,0,train
119 (14).jpg,Normal,0,train
113 (10).jpg,Normal,0,train
115 (6).jpg,Normal,0,train
105 (22).jpg,Normal,0,train
105 (28).jpg,Normal,0,train
128 (28).jpg,Normal,0,train
56 (3).jpg,Normal,0,train
64 (22).jpg,Normal,0,train
124 (7).jpg,Normal,0,train
53 (43).jpg,Normal,0,train
108 (14).jpg,Normal,0,train
56 (21).jpg,Normal,0,train
109 (4).jpg,Normal,0,train
109 (8).jpg,Normal,0,train
114 (2).jpg,Normal,0,train
119 (26).jpg,Normal,0,train
112 (17).jpg,Normal,0,train
104 (25).jpg,Normal,0,train
117 (26).jpg,Normal,0,train
114 (12).jpg,Normal,0,train
50 (24).jpg,Normal,0,train
108 (22).jpg,Normal,0,train
129 (25).jpg,Normal,0,train
105 (26).jpg,Normal,0,train
64 (9).jpg,Normal,0,train
52 (15).jpg,Normal,0,train
113 (23).jpg,Normal,0,train
54 (10).jpg,Normal,0,train
57 (13).jpg,Normal,0,train
101 (14).jpg,Normal,0,train
56 (5).jpg,Normal,0,train
102 (17).jpg,Normal,0,train
49 (11).jpg,Normal,0,train
112 (3).jpg,Normal,0,train
116 (14).jpg,Normal,0,train
110 (13).jpg,Normal,0,train
103 (14).jpg,Normal,0,train
122 (5).jpg,Normal,0,train
102 (21).jpg,Normal,0,train
53 (5).jpg,Normal,0,train
107 (26).jpg,Normal,0,train
60 (14).jpg,Normal,0,train
107 (6).jpg,Normal,0,train
123 (5).jpg,Normal,0,train
114 (19).jpg,Normal,0,train
95 (9).jpg,Normal,0,train
57 (6).jpg,Normal,0,train
111 (8).jpg,Normal,0,train
52 (36).jpg,Normal,0,train
51 (4).jpg,Normal,0,train
112 (12).jpg,Normal,0,train
130 (18).jpg,Normal,0,train
63 (22).jpg,Normal,0,train
59 (13).jpg,Normal,0,train
63 (29).jpg,Normal,0,train
130 (19).jpg,Normal,0,train
101 (9).jpg,Normal,0,train
123 (22).jpg,Normal,0,train
98 (22).jpg,Normal,0,train
101 (7).jpg,Normal,0,train
50 (26).jpg,Normal,0,train
125 (26).jpg,Normal,0,train
103 (30).jpg,Normal,0,train
101 (25).jpg,Normal,0,train
96 (23).jpg,Normal,0,train
121 (8).jpg,Normal,0,train
55 (4).jpg,Normal,0,train
96 (17).jpg,Normal,0,train
105 (12).jpg,Normal,0,train
56 (19).jpg,Normal,0,train
124 (16).jpg,Normal,0,train
126 (9).jpg,Normal,0,train
51 (26).jpg,Normal,0,train
119 (16).jpg,Normal,0,train
49 (16).jpg,Normal,0,train
116 (28).jpg,Normal,0,train
124 (21).jpg,Normal,0,train
50 (28).jpg,Normal,0,train
49 (15).jpg,Normal,0,train
124 (1).jpg,Normal,0,train
109 (28).jpg,Normal,0,train
104 (16).jpg,Normal,0,train
108 (9).jpg,Normal,0,train
106 (3).jpg,Normal,0,train
57 (16).jpg,Normal,0,train
118 (24).jpg,Normal,0,train
117 (10).jpg,Normal,0,train
127 (32).jpg,Normal,0,train
106 (15).jpg,Normal,0,train
122 (12).jpg,Normal,0,train
114 (15).jpg,Normal,0,train
115 (5).jpg,Normal,0,train
63 (35).jpg,Normal,0,train
117 (25).jpg,Normal,0,train
113 (6).jpg,Normal,0,train
63 (27).jpg,Normal,0,train
111 (10).jpg,Normal,0,train
96 (31).jpg,Normal,0,train
99 (15).jpg,Normal,0,train
53 (17).jpg,Normal,0,train
127 (9).jpg,Normal,0,train
101 (16).jpg,Normal,0,train
125 (8).jpg,Normal,0,train
125 (37).jpg,Normal,0,train
62 (7).jpg,Normal,0,train
114 (13).jpg,Normal,0,train
60 (10).jpg,Normal,0,train
59 (1).jpg,Normal,0,train
103 (23).jpg,Normal,0,train
110 (8).jpg,Normal,0,train
111 (2).jpg,Normal,0,train
128 (20).jpg,Normal,0,train
52 (32).jpg,Normal,0,train
118 (26).jpg,Normal,0,train
118 (4).jpg,Normal,0,train
52 (2).jpg,Normal,0,train
124 (9).jpg,Normal,0,train
105 (9).jpg,Normal,0,train
130 (14).jpg,Normal,0,train
115 (15).jpg,Normal,0,train
117 (3).jpg,Normal,0,train
64 (21).jpg,Normal,0,train
105 (30).jpg,Normal,0,train
52 (4).jpg,Normal,0,train
56 (22).jpg,Normal,0,train
100 (29).jpg,Normal,0,train
64 (3).jpg,Normal,0,train
96 (3).jpg,Normal,0,train
126 (18).jpg,Normal,0,train
108 (2).jpg,Normal,0,train
125 (16).jpg,Normal,0,train
114 (6).jpg,Normal,0,train
101 (19).jpg,Normal,0,train
60 (15).jpg,Normal,0,train
115 (11).jpg,Normal,0,train
65 (5).jpg,Normal,0,train
54 (3).jpg,Normal,0,train
117 (12).jpg,Normal,0,train
130 (7).jpg,Normal,0,train
113 (5).jpg,Normal,0,train
121 (14).jpg,Normal,0,train
116 (10).jpg,Normal,0,train
104 (1).jpg,Normal,0,train
65 (24).jpg,Normal,0,train
119 (8).jpg,Normal,0,train
110 (20).jpg,Normal,0,train
53 (21).jpg,Normal,0,train
52 (31).jpg,Normal,0,train
55 (21).jpg,Normal,0,train
64 (24).jpg,Normal,0,train
108 (8).jpg,Normal,0,train
127 (13).jpg,Normal,0,train
107 (23).jpg,Normal,0,train
61 (27).jpg,Normal,0,train
126 (23).jpg,Normal,0,train
123 (19).jpg,Normal,0,train
106 (24).jpg,Normal,0,train
120 (21).jpg,Normal,0,train
107 (4).jpg,Normal,0,train
102 (2).jpg,Normal,0,train
126 (15).jpg,Normal,0,train
122 (24).jpg,Normal,0,train
109 (3).jpg,Normal,0,train
107 (3).jpg,Normal,0,train
101 (12).jpg,Normal,0,train
109 (6).jpg,Normal,0,train
127 (29).jpg,Normal,0,train
120 (4).jpg,Normal,0,train
99 (22).jpg,Normal,0,train
100 (11).jpg,Normal,0,train
49 (8).jpg,Normal,0,train
102 (23).jpg,Normal,0,train
118 (7).jpg,Normal,0,train
105 (29).jpg,Normal,0,train
57 (35).jpg,Normal,0,train
105 (13).jpg,Normal,0,train
51 (36).jpg,Normal,0,train
61 (28).jpg,Normal,0,train
57 (29).jpg,Normal,0,train
56 (23).jpg,Normal,0,train
103 (18).jpg,Normal,0,train
99 (2).jpg,Normal,0,train
119 (22).jpg,Normal,0,train
110 (19).jpg,Normal,0,train
114 (3).jpg,Normal,0,train
120 (12).jpg,Normal,0,train
110 (11).jpg,Normal,0,train
49 (9).jpg,Normal,0,train
96 (2).jpg,Normal,0,train
129 (4).jpg,Normal,0,train
117 (7).jpg,Normal,0,train
107 (24).jpg,Normal,0,train
124 (12).jpg,Normal,0,train
126 (27).jpg,Normal,0,train
114 (18).jpg,Normal,0,train
53 (6).jpg,Normal,0,train
103 (4).jpg,Normal,0,train
108 (18).jpg,Normal,0,train
123 (6).jpg,Normal,0,train
110 (18).jpg,Normal,0,train
119 (17).jpg,Normal,0,train
104 (6).jpg,Normal,0,train
104 (9).jpg,Normal,0,train
99 (14).jpg,Normal,0,train
119 (3).jpg,Normal,0,train
102 (22).jpg,Normal,0,train
116 (4).jpg,Normal,0,train
113 (3).jpg,Normal,0,train
102 (14).jpg,Normal,0,train
59 (11).jpg,Normal,0,train
116 (2).jpg,Normal,0,train
127 (30).jpg,Normal,0,train
101 (3).jpg,Normal,0,train
106 (11).jpg,Normal,0,train
124 (14).jpg,Normal,0,train
62 (14).jpg,Normal,0,train
63 (28).jpg,Normal,0,train
116 (11).jpg,Normal,0,train
109 (25).jpg,Normal,0,train
52 (27).jpg,Normal,0,train
98 (1).jpg,Normal,0,train
103 (21).jpg,Normal,0,train
125 (5).jpg,Normal,0,train
121 (4).jpg,Normal,0,train
127 (22).jpg,Normal,0,train
109 (7).jpg,Normal,0,train
125 (4).jpg,Normal,0,train
101 (4).jpg,Normal,0,train
101 (24).jpg,Normal,0,train
109 (15).jpg,Normal,0,train
127 (10).jpg,Normal,0,train
55 (27).jpg,Normal,0,train
62 (13).jpg,Normal,0,train
110 (16).jpg,Normal,0,train
105 (7).jpg,Normal,0,train
112 (15).jpg,Normal,0,train
107 (25).jpg,Normal,0,train
55 (19).jpg,Normal,0,train
61 (2).jpg,Normal,0,train
59 (17).jpg,Normal,0,train
109 (23).jpg,Normal,0,train
64 (11).jpg,Normal,0,train
117 (9).jpg,Normal,0,train
120 (13).jpg,Normal,0,train
49 (19).jpg,Normal,0,train
125 (10).jpg,Normal,0,train
54 (21).jpg,Normal,0,train
106 (19).jpg,Normal,0,train
55 (8).jpg,Normal,0,train
95 (18).jpg,Normal,0,train
103 (5).jpg,Normal,0,train
56 (30).jpg,Normal,0,train
106 (2).jpg,Normal,0,train
125 (38).jpg,Normal,0,train
57 (17).jpg,Normal,0,train
63 (2).jpg,Normal,0,train
123 (26).jpg,Normal,0,train
109 (12).jpg,Normal,0,train
115 (26).jpg,Normal,0,train
60 (24).jpg,Normal,0,train
130 (2).jpg,Normal,0,train
99 (5).jpg,Normal,0,train
50 (9).jpg,Normal,0,train
111 (3).jpg,Normal,0,train
50 (18).jpg,Normal,0,train
57 (27).jpg,Normal,0,train
57 (4).jpg,Normal,0,train
57 (26).jpg,Normal,0,train
119 (6).jpg,Normal,0,train
122 (28).jpg,Normal,0,train
99 (11).jpg,Normal,0,train
62 (17).jpg,Normal,0,train
49 (26).jpg,Normal,0,train
107 (2).jpg,Normal,0,train
51 (48).jpg,Normal,0,train
103 (12).jpg,Normal,0,train
100 (25).jpg,Normal,0,train
115 (20).jpg,Normal,0,train
116 (31).jpg,Normal,0,train
122 (11).jpg,Normal,0,train
95 (28).jpg,Normal,0,train
125 (9).jpg,Normal,0,train
108 (10).jpg,Normal,0,train
119 (1).jpg,Normal,0,train
56 (33).jpg,Normal,0,train
56 (13).jpg,Normal,0,train
62 (23).jpg,Normal,0,train
102 (5).jpg,Normal,0,train
106 (18).jpg,Normal,0,train
117 (28).jpg,Normal,0,train
100 (19).jpg,Normal,0,train
96 (22).jpg,Normal,0,train
109 (17).jpg,Normal,0,train
123 (38).jpg,Normal,0,train
120 (2).jpg,Normal,0,train
109 (20).jpg,Normal,0,train
111 (26).jpg,Normal,0,train
108 (27).jpg,Normal,0,train
112 (1).jpg,Normal,0,train
64 (13).jpg,Normal,0,train
53 (16).jpg,Normal,0,train
128 (14).jpg,Normal,0,train
54 (5).jpg,Normal,0,train
51 (28).jpg,Normal,0,train
129 (11).jpg,Normal,0,train
129 (1).jpg,Normal,0,train
127 (5).jpg,Normal,0,train
128 (9).jpg,Normal,0,train
120 (5).jpg,Normal,0,train
57 (32).jpg,Normal,0,train
50 (20).jpg,Normal,0,train
51 (24).jpg,Normal,0,train
115 (23).jpg,Normal,0,train
65 (6).jpg,Normal,0,train
98 (14).jpg,Normal,0,train
108 (15).jpg,Normal,0,train
55 (3).jpg,Normal,0,train
109 (1).jpg,Normal,0,train
62 (15).jpg,Normal,0,train
124 (3).jpg,Normal,0,train
64 (20).jpg,Normal,0,train
60 (12).jpg,Normal,0,train
116 (25).jpg,Normal,0,train
129 (22).jpg,Normal,0,train
121 (10).jpg,Normal,0,train
109 (11).jpg,Normal,0,train
122 (16).jpg,Normal,0,train
63 (20).jpg,Normal,0,train
124 (5).jpg,Normal,0,train
50 (7).jpg,Normal,0,train
59 (23).jpg,Normal,0,train
127 (12).jpg,Normal,0,train
54 (9).jpg,Normal,0,train
115 (31).jpg,Normal,0,train
121 (29).jpg,Normal,0,train
112 (16).jpg,Normal,0,train
114 (7).jpg,Normal,0,train
103 (24).jpg,Normal,0,train
51 (42).jpg,Normal,0,train
130 (13).jpg,Normal,0,train
100 (20).jpg,Normal,0,train
111 (27).jpg,Normal,0,train
63 (33).jpg,Normal,0,train
117 (18).jpg,Normal,0,train
127 (21).jpg,Normal,0,train
112 (24).jpg,Normal,0,train
122 (26).jpg,Normal,0,train
59 (4).jpg,Normal,0,train
118 (16).jpg,Normal,0,train
111 (32).jpg,Normal,0,train
101 (20).jpg,Normal,0,train
119 (2).jpg,Normal,0,train
103 (6).jpg,Normal,0,train
57 (18).jpg,Normal,0,train
123 (21).jpg,Normal,0,train
110 (15).jpg,Normal,0,train
51 (30).jpg,Normal,0,train
55 (9).jpg,Normal,0,train
108 (12).jpg,Normal,0,train
52 (9).jpg,Normal,0,train
53 (26).jpg,Normal,0,train
128 (22).jpg,Normal,0,train
102 (24).jpg,Normal,0,train
106 (25).jpg,Normal,0,train
55 (12).jpg,Normal,0,train
113 (25).jpg,Normal,0,train
112 (5).jpg,Normal,0,train
123 (15).jpg,Normal,0,train
129 (5).jpg,Normal,0,train
110 (25).jpg,Normal,0,train
100 (6).jpg,Normal,0,train
96 (27).jpg,Normal,0,train
61 (14).jpg,Normal,0,train
56 (18).jpg,Normal,0,train
57 (3).jpg,Normal,0,train
49 (17).jpg,Normal,0,train
52 (38).jpg,Normal,0,train
95 (11).jpg,Normal,0,train
129 (21).jpg,Normal,0,train
120 (3).jpg,Normal,0,train
120 (29).jpg,Normal,0,train
105 (23).jpg,Normal,0,train
112 (22).jpg,Normal,0,train
125 (36).jpg,Normal,0,train
63 (19).jpg,Normal,0,train
60 (20).jpg,Normal,0,train
96 (25).jpg,Normal,0,train
95 (27).jpg,Normal,0,train
128 (21).jpg,Normal,0,train
59 (18).jpg,Normal,0,train
122 (8).jpg,Normal,0,train
63 (17).jpg,Normal,0,train
104 (11).jpg,Normal,0,train
49 (13).jpg,Normal,0,train
130 (25).jpg,Normal,0,train
121 (16).jpg,Normal,0,train
129 (9).jpg,Normal,0,train
98 (16).jpg,Normal,0,train
49 (21).jpg,Normal,0,train
101 (10).jpg,Normal,0,train
125 (24).jpg,Normal,0,train
101 (2).jpg,Normal,0,train
122 (17).jpg,Normal,0,train
59 (8).jpg,Normal,0,train
102 (18).jpg,Normal,0,train
122 (15).jpg,Normal,0,train
55 (25).jpg,Normal,0,train
111 (5).jpg,Normal,0,train
101 (30).jpg,Normal,0,train
95 (29).jpg,Normal,0,train
125 (2).jpg,Normal,0,train
55 (26).jpg,Normal,0,train
56 (11).jpg,Normal,0,train
102 (3).jpg,Normal,0,train
108 (21).jpg,Normal,0,train
56 (15).jpg,Normal,0,train
125 (22).jpg,Normal,0,train
109 (19).jpg,Normal,0,train
128 (3).jpg,Normal,0,train
125 (30).jpg,Normal,0,train
111 (23).jpg,Normal,0,train
95 (5).jpg,Normal,0,train
115 (27).jpg,Normal,0,train
107 (10).jpg,Normal,0,train
111 (14).jpg,Normal,0,train
59 (25).jpg,Normal,0,train
108 (29).jpg,Normal,0,train
50 (36).jpg,Normal,0,train
65 (20).jpg,Normal,0,train
115 (4).jpg,Normal,0,train
61 (9).jpg,Normal,0,train
61 (3).jpg,Normal,0,train
121 (9).jpg,Normal,0,train
55 (16).jpg,Normal,0,train
128 (24).jpg,Normal,0,train
95 (7).jpg,Normal,0,train
56 (16).jpg,Normal,0,train
120 (16).jpg,Normal,0,train
53 (13).jpg,Normal,0,train
100 (7).jpg,Normal,0,train
98 (9).jpg,Normal,0,train
121 (17).jpg,Normal,0,train
65 (12).jpg,Normal,0,train
116 (1).jpg,Normal,0,train
49 (20).jpg,Normal,0,train
105 (21).jpg,Normal,0,train
65 (25).jpg,Normal,0,train
113 (7).jpg,Normal,0,train
62 (8).jpg,Normal,0,train
123 (17).jpg,Normal,0,train
122 (7).jpg,Normal,0,train
111 (22).jpg,Normal,0,train
99 (6).jpg,Normal,0,train
100 (9).jpg,Normal,0,train
96 (20).jpg,Normal,0,train
115 (1).jpg,Normal,0,train
109 (14).jpg,Normal,0,train
50 (8).jpg,Normal,0,train
116 (29).jpg,Normal,0,train
107 (19).jpg,Normal,0,train
120 (26).jpg,Normal,0,train
126 (30).jpg,Normal,0,train
118 (29).jpg,Normal,0,train
124 (6).jpg,Normal,0,train
63 (6).jpg,Normal,0,train
118 (21).jpg,Normal,0,train
96 (16).jpg,Normal,0,train
127 (7).jpg,Normal,0,train
128 (23).jpg,Normal,0,train
113 (19).jpg,Normal,0,train
125 (23).jpg,Normal,0,train
55 (23).jpg,Normal,0,train
111 (7).jpg,Normal,0,train
64 (18).jpg,Normal,0,train
57 (21).jpg,Normal,0,train
53 (19).jpg,Normal,0,train
119 (29).jpg,Normal,0,train
54 (20).jpg,Normal,0,train
129 (23).jpg,Normal,0,train
65 (28).jpg,Normal,0,train
100 (28).jpg,Normal,0,train
56 (10).jpg,Normal,0,train
119 (9).jpg,Normal,0,train
51 (12).jpg,Normal,0,train
51 (34).jpg,Normal,0,train
52 (25).jpg,Normal,0,train
127 (4).jpg,Normal,0,train
106 (6).jpg,Normal,0,train
102 (11).jpg,Normal,0,train
114 (17).jpg,Normal,0,train
115 (9).jpg,Normal,0,train
118 (25).jpg,Normal,0,train
63 (16).jpg,Normal,0,train
114 (1).jpg,Normal,0,train
114 (16).jpg,Normal,0,train
95 (20).jpg,Normal,0,train
56 (2).jpg,Normal,0,train
123 (7).jpg,Normal,0,train
105 (1).jpg,Normal,0,train
123 (30).jpg,Normal,0,train
52 (35).jpg,Normal,0,train
63 (14).jpg,Normal,0,train
55 (24).jpg,Normal,0,train
63 (21).jpg,Normal,0,train
102 (29).jpg,Normal,0,train
118 (23).jpg,Normal,0,train
51 (16).jpg,Normal,0,train
65 (16).jpg,Normal,0,train
111 (21).jpg,Normal,0,train
109 (13).jpg,Normal,0,train
107 (5).jpg,Normal,0,train
98 (28).jpg,Normal,0,train
124 (13).jpg,Normal,0,train
96 (33).jpg,Normal,0,train
115 (13).jpg,Normal,0,train
109 (16).jpg,Normal,0,train
107 (9).jpg,Normal,0,train
121 (20).jpg,Normal,0,train
116 (26).jpg,Normal,0,train
117 (5).jpg,Normal,0,train
126 (1).jpg,Normal,0,train
125 (35).jpg,Normal,0,train
65 (23).jpg,Normal,0,train
121 (30).jpg,Normal,0,train
128 (11).jpg,Normal,0,train
108 (17).jpg,Normal,0,train
125 (21).jpg,Normal,0,train
108 (28).jpg,Normal,0,train
51 (50).jpg,Normal,0,train
116 (17).jpg,Normal,0,train
61 (19).jpg,Normal,0,train
125 (14).jpg,Normal,0,train
105 (15).jpg,Normal,0,train
64 (12).jpg,Normal,0,train
61 (29).jpg,Normal,0,train
118 (30).jpg,Normal,0,train
96 (21).jpg,Normal,0,train
127 (31).jpg,Normal,0,train
56 (9).jpg,Normal,0,train
117 (16).jpg,Normal,0,train
129 (7).jpg,Normal,0,train
124 (19).jpg,Normal,0,train
127 (17).jpg,Normal,0,train
120 (8).jpg,Normal,0,train
115 (16).jpg,Normal,0,train
129 (6).jpg,Normal,0,train
125 (25).jpg,Normal,0,train
49 (32).jpg,Normal,0,train
110 (4).jpg,Normal,0,train
120 (19).jpg,Normal,0,train
119 (13).jpg,Normal,0,train
53 (31).jpg,Normal,0,train
55 (32).jpg,Normal,0,train
50 (37).jpg,Normal,0,train
126 (4).jpg,Normal,0,train
104 (18).jpg,Normal,0,train
115 (29).jpg,Normal,0,train
59 (2).jpg,Normal,0,train
128 (19).jpg,Normal,0,train
65 (9).jpg,Normal,0,train
52 (8).jpg,Normal,0,train
64 (4).jpg,Normal,0,train
99 (7).jpg,Normal,0,train
115 (7).jpg,Normal,0,train
117 (29).jpg,Normal,0,train
123 (32).jpg,Normal,0,train
50 (1).jpg,Normal,0,train
126 (7).jpg,Normal,0,train
105 (4).jpg,Normal,0,train
65 (19).jpg,Normal,0,train
95 (13).jpg,Normal,0,train
126 (10).jpg,Normal,0,train
103 (25).jpg,Normal,0,train
129 (28).jpg,Normal,0,train
53 (2).jpg,Normal,0,train
128 (5).jpg,Normal,0,train
125 (20).jpg,Normal,0,train
129 (8).jpg,Normal,0,train
100 (14).jpg,Normal,0,train
98 (17).jpg,Normal,0,train
122 (20).jpg,Normal,0,train
104 (5).jpg,Normal,0,train
108 (13).jpg,Normal,0,train
113 (28).jpg,Normal,0,train
116 (7).jpg,Normal,0,train
96 (32).jpg,Normal,0,train
123 (33).jpg,Normal,0,train
98 (18).jpg,Normal,0,train
113 (18).jpg,Normal,0,train
127 (3).jpg,Normal,0,train
130 (24).jpg,Normal,0,train
104 (3).jpg,Normal,0,train
63 (18).jpg,Normal,0,train
95 (6).jpg,Normal,0,train
103 (11).jpg,Normal,0,train
54 (28).jpg,Normal,0,train
109 (9).jpg,Normal,0,train
63 (8).jpg,Normal,0,train
62 (21).jpg,Normal,0,train
121 (15).jpg,Normal,0,train
57 (5).jpg,Normal,0,train
96 (5).jpg,Normal,0,train
122 (9).jpg,Normal,0,train
119 (21).jpg,Normal,0,train
105 (25).jpg,Normal,0,train
111 (25).jpg,Normal,0,train
49 (3).jpg,Normal,0,train
60 (13).jpg,Normal,0,train
129 (27).jpg,Normal,0,train
55 (29).jpg,Normal,0,train
49 (14).jpg,Normal,0,train
122 (1).jpg,Normal,0,train
59 (3).jpg,Normal,0,train
95 (26).jpg,Normal,0,train
119 (27).jpg,Normal,0,train
120 (30).jpg,Normal,0,train
100 (1).jpg,Normal,0,train
127 (14).jpg,Normal,0,train
120 (25).jpg,Normal,0,train
111 (33).jpg,Normal,0,train
60 (1).jpg,Normal,0,train
128 (12).jpg,Normal,0,train
60 (8).jpg,Normal,0,train
108 (23).jpg,Normal,0,train
120 (15).jpg,Normal,0,train
96 (6).jpg,Normal,0,train
122 (18).jpg,Normal,0,train
127 (19).jpg,Normal,0,train
121 (13).jpg,Normal,0,train
52 (1).jpg,Normal,0,train
120 (24).jpg,Normal,0,train
98 (13).jpg,Normal,0,train
61 (26).jpg,Normal,0,train
61 (7).jpg,Normal,0,train
104 (24).jpg,Normal,0,train
128 (7).jpg,Normal,0,train
124 (27).jpg,Normal,0,train
113 (22).jpg,Normal,0,train
52 (6).jpg,Normal,0,train
100 (12).jpg,Normal,0,train
53 (22).jpg,Normal,0,train
55 (5).jpg,Normal,0,train
117 (20).jpg,Normal,0,train
60 (7).jpg,Normal,0,train
65 (11).jpg,Normal,0,train
53 (37).jpg,Normal,0,train
52 (23).jpg,Normal,0,train
129 (16).jpg,Normal,0,train
59 (19).jpg,Normal,0,train
123 (28).jpg,Normal,0,train
129 (12).jpg,Normal,0,val
107 (16).jpg,Normal,0,val
102 (25).jpg,Normal,0,val
56 (7).jpg,Normal,0,val
64 (15).jpg,Normal,0,val
57 (24).jpg,Normal,0,val
56 (20).jpg,Normal,0,val
101 (5).jpg,Normal,0,val
122 (27).jpg,Normal,0,val
126 (3).jpg,Normal,0,val
65 (22).jpg,Normal,0,val
123 (39).jpg,Normal,0,val
119 (12).jpg,Normal,0,val
96 (30).jpg,Normal,0,val
60 (28).jpg,Normal,0,val
122 (21).jpg,Normal,0,val
126 (28).jpg,Normal,0,val
113 (15).jpg,Normal,0,val
101 (26).jpg,Normal,0,val
115 (19).jpg,Normal,0,val
96 (28).jpg,Normal,0,val
120 (6).jpg,Normal,0,val
123 (36).jpg,Normal,0,val
130 (5).jpg,Normal,0,val
113 (27).jpg,Normal,0,val
115 (18).jpg,Normal,0,val
49 (24).jpg,Normal,0,val
102 (26).jpg,Normal,0,val
125 (34).jpg,Normal,0,val
107 (15).jpg,Normal,0,val
98 (29).jpg,Normal,0,val
64 (25).jpg,Normal,0,val
116 (9).jpg,Normal,0,val
127 (25).jpg,Normal,0,val
122 (3).jpg,Normal,0,val
112 (13).jpg,Normal,0,val
101 (28).jpg,Normal,0,val
127 (26).jpg,Normal,0,val
111 (9).jpg,Normal,0,val
111 (11).jpg,Normal,0,val
60 (18).jpg,Normal,0,val
110 (22).jpg,Normal,0,val
60 (16).jpg,Normal,0,val
123 (8).jpg,Normal,0,val
106 (5).jpg,Normal,0,val
60 (26).jpg,Normal,0,val
114 (21).jpg,Normal,0,val
124 (15).jpg,Normal,0,val
63 (34).jpg,Normal,0,val
124 (28).jpg,Normal,0,val
121 (11).jpg,Normal,0,val
102 (31).jpg,Normal,0,val
108 (24).jpg,Normal,0,val
128 (4).jpg,Normal,0,val
110 (10).jpg,Normal,0,val
55 (11).jpg,Normal,0,val
63 (13).jpg,Normal,0,val
102 (20).jpg,Normal,0,val
54 (24).jpg,Normal,0,val
110 (12).jpg,Normal,0,val
60 (25).jpg,Normal,0,val
63 (30).jpg,Normal,0,val
57 (14).jpg,Normal,0,val
128 (25).jpg,Normal,0,val
55 (1).jpg,Normal,0,val
129 (26).jpg,Normal,0,val
63 (5).jpg,Normal,0,val
117 (8).jpg,Normal,0,val
108 (3).jpg,Normal,0,val
122 (6).jpg,Normal,0,val
100 (16).jpg,Normal,0,val
102 (8).jpg,Normal,0,val
118 (8).jpg,Normal,0,val
61 (17).jpg,Normal,0,val
98 (20).jpg,Normal,0,val
103 (20).jpg,Normal,0,val
64 (7).jpg,Normal,0,val
63 (32).jpg,Normal,0,val
51 (7).jpg,Normal,0,val
118 (11).jpg,Normal,0,val
113 (9).jpg,Normal,0,val
123 (23).jpg,Normal,0,val
114 (22).jpg,Normal,0,val
119 (18).jpg,Normal,0,val
118 (27).jpg,Normal,0,val
98 (24).jpg,Normal,0,val
64 (6).jpg,Normal,0,val
107 (13).jpg,Normal,0,val
107 (29).jpg,Normal,0,val
98 (15).jpg,Normal,0,val
109 (10).jpg,Normal,0,val
106 (7).jpg,Normal,0,val
120 (22).jpg,Normal,0,val
55 (15).jpg,Normal,0,val
100 (24).jpg,Normal,0,val
96 (12).jpg,Normal,0,val
120 (28).jpg,Normal,0,val
54 (2).jpg,Normal,0,val
62 (5).jpg,Normal,0,val
64 (2).jpg,Normal,0,val
119 (23).jpg,Normal,0,val
125 (1).jpg,Normal,0,val
116 (3).jpg,Normal,0,val
57 (8).jpg,Normal,0,val
123 (34).jpg,Normal,0,val
108 (7).jpg,Normal,0,val
98 (5).jpg,Normal,0,val
51 (8).jpg,Normal,0,val
114 (27).jpg,Normal,0,val
54 (1).jpg,Normal,0,val
104 (4).jpg,Normal,0,val
106 (26).jpg,Normal,0,val
55 (31).jpg,Normal,0,val
130 (3).jpg,Normal,0,val
100 (27).jpg,Normal,0,val
104 (29).jpg,Normal,0,val
57 (25).jpg,Normal,0,val
130 (28).jpg,Normal,0,val
120 (23).jpg,Normal,0,val
108 (4).jpg,Normal,0,val
95 (10).jpg,Normal,0,val
59 (7).jpg,Normal,0,val
116 (19).jpg,Normal,0,val
121 (22).jpg,Normal,0,val
114 (10).jpg,Normal,0,val
117 (6).jpg,Normal,0,val
121 (26).jpg,Normal,0,val
53 (11).jpg,Normal,0,val
55 (6).jpg,Normal,0,val
65 (27).jpg,Normal,0,val
128 (1).jpg,Normal,0,val
105 (2).jpg,Normal,0,val
102 (28).jpg,Normal,0,val
57 (30).jpg,Normal,0,val
56 (31).jpg,Normal,0,val
116 (5).jpg,Normal,0,val
56 (14).jpg,Normal,0,val
108 (1).jpg,Normal,0,val
127 (1).jpg,Normal,0,val
116 (12).jpg,Normal,0,val
104 (20).jpg,Normal,0,val
57 (31).jpg,Normal,0,val
104 (21).jpg,Normal,0,val
112 (25).jpg,Normal,0,val
105 (17).jpg,Normal,0,val
52 (11).jpg,Normal,0,val
103 (31).jpg,Normal,0,val
110 (28).jpg,Normal,0,val
53 (3).jpg,Normal,0,val
51 (44).jpg,Normal,0,val
49 (6).jpg,Normal,0,val
57 (11).jpg,Normal,0,val
103 (19).jpg,Normal,0,val
103 (32).jpg,Normal,0,val
121 (21).jpg,Normal,0,val
61 (12).jpg,Normal,0,val
54 (18).jpg,Normal,0,val
56 (32).jpg,Normal,0,val
103 (34).jpg,Normal,0,val
114 (9).jpg,Normal,0,val
120 (17).jpg,Normal,0,val
112 (9).jpg,Normal,0,val
110 (23).jpg,Normal,0,val
50 (34).jpg,Normal,0,val
55 (18).jpg,Normal,0,val
95 (12).jpg,Normal,0,val
119 (24).jpg,Normal,0,val
130 (23).jpg,Normal,0,val
118 (14).jpg,Normal,0,val
126 (12).jpg,Normal,0,val
100 (13).jpg,Normal,0,val
125 (28).jpg,Normal,0,val
111 (16).jpg,Normal,0,val
62 (10).jpg,Normal,0,val
95 (19).jpg,Normal,0,val
114 (28).jpg,Normal,0,val
50 (16).jpg,Normal,0,val
64 (10).jpg,Normal,0,val
127 (15).jpg,Normal,0,val
111 (19).jpg,Normal,0,val
116 (15).jpg,Normal,0,val
99 (19).jpg,Normal,0,val
101 (1).jpg,Normal,0,val
54 (15).jpg,Normal,0,val
103 (2).jpg,Normal,0,val
106 (22).jpg,Normal,0,val
54 (8).jpg,Normal,0,val
129 (29).jpg,Normal,0,val
104 (8).jpg,Normal,0,val
117 (11).jpg,Normal,0,val
49 (1).jpg,Normal,0,val
99 (9).jpg,Normal,0,val
112 (20).jpg,Normal,0,val
65 (14).jpg,Normal,0,val
109 (21).jpg,Normal,0,val
130 (11).jpg,Normal,0,val
98 (11).jpg,Normal,0,val
61 (21).jpg,Normal,0,val
113 (12).jpg,Normal,0,val
117 (1).jpg,Normal,0,val
107 (17).jpg,Normal,0,val
123 (16).jpg,Normal,0,val
126 (8).jpg,Normal,0,val
103 (7).jpg,Normal,0,val
106 (23).jpg,Normal,0,val
103 (26).jpg,Normal,0,val
49 (18).jpg,Normal,0,val
127 (23).jpg,Normal,0,val
128 (18).jpg,Normal,0,val
123 (9).jpg,Normal,0,val
128 (6).jpg,Normal,0,val
98 (19).jpg,Normal,0,val
106 (16).jpg,Normal,0,val
113 (1).jpg,Normal,0,val
127 (16).jpg,Normal,0,val
61 (25).jpg,Normal,0,val
116 (27).jpg,Normal,0,val
49 (29).jpg,Normal,0,val
56 (27).jpg,Normal,0,val
56 (17).jpg,Normal,0,val
108 (6).jpg,Normal,0,val
63 (10).jpg,Normal,0,val
114 (29).jpg,Normal,0,val
50 (30).jpg,Normal,0,val
119 (11).jpg,Normal,0,val
116 (18).jpg,Normal,0,val
52 (30).jpg,Normal,0,val
62 (12).jpg,Normal,0,val
122 (25).jpg,Normal,0,val
102 (12).jpg,Normal,0,val
104 (2).jpg,Normal,0,val
115 (3).jpg,Normal,0,val
103 (35).jpg,Normal,0,test
61 (16).jpg,Normal,0,test
104 (26).jpg,Normal,0,test
100 (22).jpg,Normal,0,test
98 (7).jpg,Normal,0,test
57 (2).jpg,Normal,0,test
115 (32).jpg,Normal,0,test
55 (14).jpg,Normal,0,test
57 (19).jpg,Normal,0,test
101 (21).jpg,Normal,0,test
123 (14).jpg,Normal,0,test
104 (13).jpg,Normal,0,test
115 (22).jpg,Normal,0,test
116 (8).jpg,Normal,0,test
108 (11).jpg,Normal,0,test
130 (17).jpg,Normal,0,test
52 (37).jpg,Normal,0,test
129 (2).jpg,Normal,0,test
125 (17).jpg,Normal,0,test
99 (10).jpg,Normal,0,test
65 (26).jpg,Normal,0,test
121 (18).jpg,Normal,0,test
113 (4).jpg,Normal,0,test
63 (4).jpg,Normal,0,test
114 (24).jpg,Normal,0,test
128 (17).jpg,Normal,0,test
59 (21).jpg,Normal,0,test
53 (20).jpg,Normal,0,test
65 (7).jpg,Normal,0,test
111 (17).jpg,Normal,0,test
54 (6).jpg,Normal,0,test
49 (33).jpg,Normal,0,test
108 (25).jpg,Normal,0,test
108 (20).jpg,Normal,0,test
53 (35).jpg,Normal,0,test
104 (22).jpg,Normal,0,test
50 (32).jpg,Normal,0,test
105 (27).jpg,Normal,0,test
96 (9).jpg,Normal,0,test
96 (13).jpg,Normal,0,test
116 (23).jpg,Normal,0,test
103 (33).jpg,Normal,0,test
116 (20).jpg,Normal,0,test
121 (1).jpg,Normal,0,test
124 (25).jpg,Normal,0,test
107 (22).jpg,Normal,0,test
101 (18).jpg,Normal,0,test
50 (4).jpg,Normal,0,test
122 (13).jpg,Normal,0,test
57 (7).jpg,Normal,0,test
100 (10).jpg,Normal,0,test
53 (29).jpg,Normal,0,test
54 (12).jpg,Normal,0,test
111 (1).jpg,Normal,0,test
125 (18).jpg,Normal,0,test
65 (18).jpg,Normal,0,test
99 (12).jpg,Normal,0,test
96 (1).jpg,Normal,0,test
64 (14).jpg,Normal,0,test
61 (30).jpg,Normal,0,test
120 (20).jpg,Normal,0,test
60 (5).jpg,Normal,0,test
107 (11).jpg,Normal,0,test
52 (10).jpg,Normal,0,test
112 (11).jpg,Normal,0,test
51 (38).jpg,Normal,0,test
118 (10).jpg,Normal,0,test
100 (15).jpg,Normal,0,test
130 (21).jpg,Normal,0,test
110 (3).jpg,Normal,0,test
129 (13).jpg,Normal,0,test
120 (11).jpg,Normal,0,test
99 (8).jpg,Normal,0,test
98 (26).jpg,Normal,0,test
61 (6).jpg,Normal,0,test
96 (14).jpg,Normal,0,test
53 (8).jpg,Normal,0,test
107 (27).jpg,Normal,0,test
65 (15).jpg,Normal,0,test
100 (30).jpg,Normal,0,test
55 (13).jpg,Normal,0,test
117 (14).jpg,Normal,0,test
53 (24).jpg,Normal,0,test
49 (2).jpg,Normal,0,test
57 (33).jpg,Normal,0,test
125 (32).jpg,Normal,0,test
125 (39).jpg,Normal,0,test
104 (12).jpg,Normal,0,test
57 (34).jpg,Normal,0,test
99 (21).jpg,Normal,0,test
64 (26).jpg,Normal,0,test
110 (7).jpg,Normal,0,test
61 (1).jpg,Normal,0,test
110 (2).jpg,Normal,0,test
107 (18).jpg,Normal,0,test
103 (13).jpg,Normal,0,test
106 (1).jpg,Normal,0,test
51 (13).jpg,Normal,0,test
52 (17).jpg,Normal,0,test
109 (18).jpg,Normal,0,test
95 (25).jpg,Normal,0,test
124 (23).jpg,Normal,0,test
126 (29).jpg,Normal,0,test
57 (10).jpg,Normal,0,test
128 (27).jpg,Normal,0,test
57 (12).jpg,Normal,0,test
118 (1).jpg,Normal,0,test
54 (11).jpg,Normal,0,test
99 (13).jpg,Normal,0,test
116 (6).jpg,Normal,0,test
99 (29).jpg,Normal,0,test
118 (13).jpg,Normal,0,test
109 (26).jpg,Normal,0,test
130 (30).jpg,Normal,0,test
62 (1).jpg,Normal,0,test
126 (22).jpg,Normal,0,test
51 (32).jpg,Normal,0,test
63 (12).jpg,Normal,0,test
114 (26).jpg,Normal,0,test
121 (23).jpg,Normal,0,test
56 (1).jpg,Normal,0,test
114 (23).jpg,Normal,0,test
104 (17).jpg,Normal,0,test
118 (19).jpg,Normal,0,test
126 (5).jpg,Normal,0,test
121 (25).jpg,Normal,0,test
99 (20).jpg,Normal,0,test
115 (30).jpg,Normal,0,test
103 (3).jpg,Normal,0,test
122 (14).jpg,Normal,0,test
65 (10).jpg,Normal,0,test
115 (12).jpg,Normal,0,test
55 (2).jpg,Normal,0,test
65 (17).jpg,Normal,0,test
61 (4).jpg,Normal,0,test
118 (22).jpg,Normal,0,test
125 (29).jpg,Normal,0,test
130 (9).jpg,Normal,0,test
111 (13).jpg,Normal,0,test
99 (4).jpg,Normal,0,test
53 (4).jpg,Normal,0,test
111 (28).jpg,Normal,0,test
61 (23).jpg,Normal,0,test
59 (26).jpg,Normal,0,test
104 (27).jpg,Normal,0,test
62 (2).jpg,Normal,0,test
64 (8).jpg,Normal,0,test
95 (15).jpg,Normal,0,test
118 (17).jpg,Normal,0,test
63 (7).jpg,Normal,0,test
114 (20).jpg,Normal,0,test
124 (10).jpg,Normal,0,test
125 (11).jpg,Normal,0,test
111 (12).jpg,Normal,0,test
124 (29).jpg,Normal,0,test
61 (24).jpg,Normal,0,test
130 (20).jpg,Normal,0,test
98 (25).jpg,Normal,0,test
98 (2).jpg,Normal,0,test
106 (28).jpg,Normal,0,test
99 (17).jpg,Normal,0,test
105 (16).jpg,Normal,0,test
119 (31).jpg,Normal,0,test
115 (28).jpg,Normal,0,test
63 (23).jpg,Normal,0,test
103 (10).jpg,Normal,0,test
104 (23).jpg,Normal,0,test
95 (2).jpg,Normal,0,test
113 (13).jpg,Normal,0,test
56 (29).jpg,Normal,0,test
124 (22).jpg,Normal,0,test
60 (19).jpg,Normal,0,test
61 (11).jpg,Normal,0,test
120 (10).jpg,Normal,0,test
55 (10).jpg,Normal,0,test
105 (14).jpg,Normal,0,test
125 (27).jpg,Normal,0,test
108 (19).jpg,Normal,0,test
53 (7).jpg,Normal,0,test
130 (31).jpg,Normal,0,test
98 (10).jpg,Normal,0,test
102 (6).jpg,Normal,0,test
118 (12).jpg,Normal,0,test
59 (16).jpg,Normal,0,test
123 (25).jpg,Normal,0,test
124 (18).jpg,Normal,0,test
106 (20).jpg,Normal,0,test
125 (3).jpg,Normal,0,test
106 (12).jpg,Normal,0,test
99 (27).jpg,Normal,0,test
123 (11).jpg,Normal,0,test
114 (4).jpg,Normal,0,test
110 (24).jpg,Normal,0,test
99 (25).jpg,Normal,0,test
123 (18).jpg,Normal,0,test
128 (16).jpg,Normal,0,test
65 (8).jpg,Normal,0,test
110 (6).jpg,Normal,0,test
100 (21).jpg,Normal,0,test
119 (10).jpg,Normal,0,test
57 (20).jpg,Normal,0,test
130 (12).jpg,Normal,0,test
115 (14).jpg,Normal,0,test
128 (10).jpg,Normal,0,test
99 (24).jpg,Normal,0,test
95 (14).jpg,Normal,0,test
62 (22).jpg,Normal,0,test
96 (15).jpg,Normal,0,test
113 (26).jpg,Normal,0,test
55 (28).jpg,Normal,0,test
101 (31).jpg,Normal,0,test
59 (12).jpg,Normal,0,test
51 (6).jpg,Normal,0,test
115 (8).jpg,Normal,0,test
115 (10).jpg,Normal,0,test
106 (14).jpg,Normal,0,test
102 (1).jpg,Normal,0,test
102 (13).jpg,Normal,0,test
128 (15).jpg,Normal,0,test
57 (23).jpg,Normal,0,test
105 (3).jpg,Normal,0,test
54 (23).jpg,Normal,0,test
98 (4).jpg,Normal,0,test
64 (19).jpg,Normal,0,test
106 (4).jpg,Normal,0,test
98 (23).jpg,Normal,0,test
109 (2).jpg,Normal,0,test
115 (2).jpg,Normal,0,test
116 (30).jpg,Normal,0,test
118 (5).jpg,Normal,0,test
98 (6).jpg,Normal,0,test
101 (29).jpg,Normal,0,test
107 (21).jpg,Normal,0,test
61 (31).jpg,Normal,0,test
87 (14).jpg,Stroke,1,train
70 (35).jpg,Stroke,1,train
58 (1).jpg,Stroke,1,train
83 (12).jpg,Stroke,1,train
72 (29).jpg,Stroke,1,train
71 (32).jpg,Stroke,1,train
80 (33).jpg,Stroke,1,train
92 (40).jpg,Stroke,1,train
97 (30).jpg,Stroke,1,train
75 (18).jpg,Stroke,1,train
58 (34).jpg,Stroke,1,train
82 (29).jpg,Stroke,1,train
84 (18).jpg,Stroke,1,train
83 (17).jpg,Stroke,1,train
82 (19).jpg,Stroke,1,train
91 (36).jpg,Stroke,1,train
58 (19).jpg,Stroke,1,train
72 (10).jpg,Stroke,1,train
81 (37).jpg,Stroke,1,train
82 (7).jpg,Stroke,1,train
92 (21).jpg,Stroke,1,train
91 (39).jpg,Stroke,1,train
88 (32).jpg,Stroke,1,train
84 (38).jpg,Stroke,1,train
93 (4).jpg,Stroke,1,train
69 (30).jpg,Stroke,1,train
81 (9).jpg,Stroke,1,train
89 (40).jpg,Stroke,1,train
90 (15).jpg,Stroke,1,train
78 (25).jpg,Stroke,1,train
88 (12).jpg,Stroke,1,train
87 (35).jpg,Stroke,1,train
66 (35).jpg,Stroke,1,train
71 (22).jpg,Stroke,1,train
81 (17).jpg,Stroke,1,train
82 (24).jpg,Stroke,1,train
80 (30).jpg,Stroke,1,train
70 (39).jpg,Stroke,1,train
86 (31).jpg,Stroke,1,train
71 (7).jpg,Stroke,1,train
89 (38).jpg,Stroke,1,train
70 (43).jpg,Stroke,1,train
94 (39).jpg,Stroke,1,train
91 (34).jpg,Stroke,1,train
88 (9).jpg,Stroke,1,train
77 (34).jpg,Stroke,1,train
88 (37).jpg,Stroke,1,train
93 (2).jpg,Stroke,1,train
77 (39).jpg,Stroke,1,train
93 (10).jpg,Stroke,1,train
92 (20).jpg,Stroke,1,train
84 (24).jpg,Stroke,1,train
94 (18).jpg,Stroke,1,train
88 (18).jpg,Stroke,1,train
93 (15).jpg,Stroke,1,train
81 (25).jpg,Stroke,1,train
66 (6).jpg,Stroke,1,train
68 (1).jpg,Stroke,1,train
76 (6).jpg,Stroke,1,train
77 (12).jpg,Stroke,1,train
88 (17).jpg,Stroke,1,train
79 (2).jpg,Stroke,1,train
83 (2).jpg,Stroke,1,train
71 (36).jpg,Stroke,1,train
82 (14).jpg,Stroke,1,train
92 (38).jpg,Stroke,1,train
76 (41).jpg,Stroke,1,train
89 (29).jpg,Stroke,1,train
74 (41).jpg,Stroke,1,train
77 (9).jpg,Stroke,1,train
93 (36).jpg,Stroke,1,train
89 (21).jpg,Stroke,1,train
75 (28).jpg,Stroke,1,train
92 (11).jpg,Stroke,1,train
58 (35).jpg,Stroke,1,train
94 (7).jpg,Stroke,1,train
83 (35).jpg,Stroke,1,train
68 (35).jpg,Stroke,1,train
71 (44).jpg,Stroke,1,train
94 (14).jpg,Stroke,1,train
80 (22).jpg,Stroke,1,train
93 (7).jpg,Stroke,1,train
87 (44).jpg,Stroke,1,train
91 (10).jpg,Stroke,1,train
58 (13).jpg,Stroke,1,train
92 (1).jpg,Stroke,1,train
76 (17).jpg,Stroke,1,train
74 (22).jpg,Stroke,1,train
87 (41).jpg,Stroke,1,train
94 (2).jpg,Stroke,1,train
88 (24).jpg,Stroke,1,train
88 (34).jpg,Stroke,1,train
81 (31).jpg,Stroke,1,train
94 (46).jpg,Stroke,1,train
58 (17).jpg,Stroke,1,train
94 (10).jpg,Stroke,1,train
78 (34).jpg,Stroke,1,train
81 (15).jpg,Stroke,1,train
70 (47).jpg,Stroke,1,train
68 (22).jpg,Stroke,1,train
91 (13).jpg,Stroke,1,train
93 (28).jpg,Stroke,1,train
73 (13).jpg,Stroke,1,train
97 (10).jpg,Stroke,1,train
58 (12).jpg,Stroke,1,train
75 (22).jpg,Stroke,1,train
72 (32).jpg,Stroke,1,train
86 (23).jpg,Stroke,1,train
97 (22).jpg,Stroke,1,train
77 (3).jpg,Stroke,1,train
87 (11).jpg,Stroke,1,train
94 (15).jpg,Stroke,1,train
73 (39).jpg,Stroke,1,train
71 (34).jpg,Stroke,1,train
87 (1).jpg,Stroke,1,train
93 (27).jpg,Stroke,1,train
78 (4).jpg,Stroke,1,train
68 (29).jpg,Stroke,1,train
94 (6).jpg,Stroke,1,train
73 (34).jpg,Stroke,1,train
75 (3).jpg,Stroke,1,train
86 (30).jpg,Stroke,1,train
75 (44).jpg,Stroke,1,train
80 (18).jpg,Stroke,1,train
74 (45).jpg,Stroke,1,train
73 (15).jpg,Stroke,1,train
74 (12).jpg,Stroke,1,train
79 (13).jpg,Stroke,1,train
67 (25).jpg,Stroke,1,train
93 (30).jpg,Stroke,1,train
94 (19).jpg,Stroke,1,train
86 (10).jpg,Stroke,1,train
71 (8).jpg,Stroke,1,train
97 (15).jpg,Stroke,1,train
83 (16).jpg,Stroke,1,train
88 (3).jpg,Stroke,1,train
91 (4).jpg,Stroke,1,train
93 (22).jpg,Stroke,1,train
80 (40).jpg,Stroke,1,train
78 (8).jpg,Stroke,1,train
66 (10).jpg,Stroke,1,train
58 (2).jpg,Stroke,1,train
94 (1).jpg,Stroke,1,train
58 (20).jpg,Stroke,1,train
84 (31).jpg,Stroke,1,train
70 (4).jpg,Stroke,1,train
87 (27).jpg,Stroke,1,train
97 (11).jpg,Stroke,1,train
78 (38).jpg,Stroke,1,train
80 (14).jpg,Stroke,1,train
85 (21).jpg,Stroke,1,train
73 (8).jpg,Stroke,1,train
83 (27).jpg,Stroke,1,train
97 (35).jpg,Stroke,1,train
93 (3).jpg,Stroke,1,train
81 (39).jpg,Stroke,1,train
58 (6).jpg,Stroke,1,train
79 (12).jpg,Stroke,1,train
89 (6).jpg,Stroke,1,train
86 (29).jpg,Stroke,1,train
78 (1).jpg,Stroke,1,train
77 (40).jpg,Stroke,1,train
83 (25).jpg,Stroke,1,train
80 (6).jpg,Stroke,1,train
82 (22).jpg,Stroke,1,train
85 (1).jpg,Stroke,1,train
92 (2).jpg,Stroke,1,train
66 (31).jpg,Stroke,1,train
78 (7).jpg,Stroke,1,train
74 (20).jpg,Stroke,1,train
89 (27).jpg,Stroke,1,train
72 (31).jpg,Stroke,1,train
58 (21).jpg,Stroke,1,train
92 (33).jpg,Stroke,1,train
81 (27).jpg,Stroke,1,train
74 (43).jpg,Stroke,1,train
88 (19).jpg,Stroke,1,train
94 (16).jpg,Stroke,1,train
68 (34).jpg,Stroke,1,train
74 (7).jpg,Stroke,1,train
58 (11).jpg,Stroke,1,train
69 (3).jpg,Stroke,1,train
78 (15).jpg,Stroke,1,train
80 (36).jpg,Stroke,1,train
73 (5).jpg,Stroke,1,train
93 (33).jpg,Stroke,1,train
73 (9).jpg,Stroke,1,train
69 (19).jpg,Stroke,1,train
67 (19).jpg,Stroke,1,train
77 (32).jpg,Stroke,1,train
74 (6).jpg,Stroke,1,train
92 (25).jpg,Stroke,1,train
84 (1).jpg,Stroke,1,train
66 (4).jpg,Stroke,1,train
76 (40).jpg,Stroke,1,train
92 (4).jpg,Stroke,1,train
97 (28).jpg,Stroke,1,train
86 (34).jpg,Stroke,1,train
73 (36).jpg,Stroke,1,train
88 (16).jpg,Stroke,1,train
91 (25).jpg,Stroke,1,train
73 (7).jpg,Stroke,1,train
71 (42).jpg,Stroke,1,train
89 (15).jpg,Stroke,1,train
84 (9).jpg,Stroke,1,train
77 (14).jpg,Stroke,1,train
72 (1).jpg,Stroke,1,train
71 (26).jpg,Stroke,1,train
83 (19).jpg,Stroke,1,train
83 (21).jpg,Stroke,1,train
75 (34).jpg,Stroke,1,train
85 (7).jpg,Stroke,1,train
84 (16).jpg,Stroke,1,train
71 (48).jpg,Stroke,1,train
81 (35).jpg,Stroke,1,train
93 (12).jpg,Stroke,1,train
73 (32).jpg,Stroke,1,train
88 (21).jpg,Stroke,1,train
68 (20).jpg,Stroke,1,train
67 (21).jpg,Stroke,1,train
58 (22).jpg,Stroke,1,train
80 (35).jpg,Stroke,1,train
83 (18).jpg,Stroke,1,train
83 (29).jpg,Stroke,1,train
85 (18).jpg,Stroke,1,train
67 (14).jpg,Stroke,1,train
97 (5).jpg,Stroke,1,train
69 (11).jpg,Stroke,1,train
66 (8).jpg,Stroke,1,train
72 (6).jpg,Stroke,1,train
89 (36).jpg,Stroke,1,train
69 (35).jpg,Stroke,1,train
69 (24).jpg,Stroke,1,train
68 (14).jpg,Stroke,1,train
71 (24).jpg,Stroke,1,train
97 (3).jpg,Stroke,1,train
75 (42).jpg,Stroke,1,train
76 (23).jpg,Stroke,1,train
80 (8).jpg,Stroke,1,train
80 (2).jpg,Stroke,1,train
85 (19).jpg,Stroke,1,train
70 (8).jpg,Stroke,1,train
88 (6).jpg,Stroke,1,train
82 (25).jpg,Stroke,1,train
66 (11).jpg,Stroke,1,train
79 (20).jpg,Stroke,1,train
81 (1).jpg,Stroke,1,train
79 (18).jpg,Stroke,1,train
69 (10).jpg,Stroke,1,train
69 (15).jpg,Stroke,1,train
87 (42).jpg,Stroke,1,train
68 (36).jpg,Stroke,1,train
74 (2).jpg,Stroke,1,train
74 (5).jpg,Stroke,1,train
74 (46).jpg,Stroke,1,train
79 (10).jpg,Stroke,1,train
72 (28).jpg,Stroke,1,train
70 (10).jpg,Stroke,1,train
81 (41).jpg,Stroke,1,train
69 (17).jpg,Stroke,1,train
83 (1).jpg,Stroke,1,train
89 (2).jpg,Stroke,1,train
92 (29).jpg,Stroke,1,train
87 (33).jpg,Stroke,1,train
79 (7).jpg,Stroke,1,train
71 (9).jpg,Stroke,1,train
68 (31).jpg,Stroke,1,train
69 (28).jpg,Stroke,1,train
58 (32).jpg,Stroke,1,train
66 (19).jpg,Stroke,1,train
58 (24).jpg,Stroke,1,train
92 (42).jpg,Stroke,1,train
91 (7).jpg,Stroke,1,train
82 (3).jpg,Stroke,1,train
75 (6).jpg,Stroke,1,train
87 (37).jpg,Stroke,1,train
74 (4).jpg,Stroke,1,train
66 (29).jpg,Stroke,1,train
73 (6).jpg,Stroke,1,train
74 (31).jpg,Stroke,1,train
90 (2).jpg,Stroke,1,train
78 (37).jpg,Stroke,1,train
68 (24).jpg,Stroke,1,train
69 (21).jpg,Stroke,1,train
83 (4).jpg,Stroke,1,train
97 (8).jpg,Stroke,1,train
75 (11).jpg,Stroke,1,train
81 (7).jpg,Stroke,1,train
68 (6).jpg,Stroke,1,train
88 (10).jpg,Stroke,1,train
67 (31).jpg,Stroke,1,train
67 (33).jpg,Stroke,1,train
70 (13).jpg,Stroke,1,train
77 (37).jpg,Stroke,1,train
87 (17).jpg,Stroke,1,train
89 (37).jpg,Stroke,1,train
84 (13).jpg,Stroke,1,train
73 (21).jpg,Stroke,1,train
72 (18).jpg,Stroke,1,train
75 (24).jpg,Stroke,1,train
84 (30).jpg,Stroke,1,train
74 (42).jpg,Stroke,1,train
90 (27).jpg,Stroke,1,train
67 (11).jpg,Stroke,1,train
89 (10).jpg,Stroke,1,train
73 (3).jpg,Stroke,1,train
72 (4).jpg,Stroke,1,train
77 (35).jpg,Stroke,1,train
93 (17).jpg,Stroke,1,train
88 (36).jpg,Stroke,1,train
87 (40).jpg,Stroke,1,train
84 (34).jpg,Stroke,1,train
74 (35).jpg,Stroke,1,train
94 (12).jpg,Stroke,1,train
71 (6).jpg,Stroke,1,train
73 (38).jpg,Stroke,1,train
73 (10).jpg,Stroke,1,train
77 (20).jpg,Stroke,1,train
81 (13).jpg,Stroke,1,train
76 (12).jpg,Stroke,1,train
76 (2).jpg,Stroke,1,train
82 (5).jpg,Stroke,1,train
67 (12).jpg,Stroke,1,train
74 (16).jpg,Stroke,1,train
90 (30).jpg,Stroke,1,train
80 (16).jpg,Stroke,1,train
78 (21).jpg,Stroke,1,train
74 (18).jpg,Stroke,1,train
87 (12).jpg,Stroke,1,train
86 (16).jpg,Stroke,1,train
73 (17).jpg,Stroke,1,train
69 (13).jpg,Stroke,1,train
97 (9).jpg,Stroke,1,train
84 (28).jpg,Stroke,1,train
76 (3).jpg,Stroke,1,train
68 (5).jpg,Stroke,1,train
73 (24).jpg,Stroke,1,train
92 (8).jpg,Stroke,1,train
67 (8).jpg,Stroke,1,train
78 (3).jpg,Stroke,1,train
92 (14).jpg,Stroke,1,train
83 (3).jpg,Stroke,1,train
69 (7).jpg,Stroke,1,train
74 (1).jpg,Stroke,1,train
90 (19).jpg,Stroke,1,train
58 (9).jpg,Stroke,1,train
91 (23).jpg,Stroke,1,train
88 (15).jpg,Stroke,1,train
70 (27).jpg,Stroke,1,train
87 (10).jpg,Stroke,1,train
82 (21).jpg,Stroke,1,train
80 (5).jpg,Stroke,1,train
67 (7).jpg,Stroke,1,train
87 (21).jpg,Stroke,1,train
66 (12).jpg,Stroke,1,train
93 (35).jpg,Stroke,1,train
66 (9).jpg,Stroke,1,train
94 (23).jpg,Stroke,1,train
73 (16).jpg,Stroke,1,train
76 (29).jpg,Stroke,1,train
80 (39).jpg,Stroke,1,train
75 (12).jpg,Stroke,1,train
68 (33).jpg,Stroke,1,train
85 (13).jpg,Stroke,1,train
89 (12).jpg,Stroke,1,train
69 (26).jpg,Stroke,1,train
86 (27).jpg,Stroke,1,train
66 (7).jpg,Stroke,1,train
74 (23).jpg,Stroke,1,train
85 (3).jpg,Stroke,1,train
79 (6).jpg,Stroke,1,train
73 (2).jpg,Stroke,1,train
89 (9).jpg,Stroke,1,train
58 (23).jpg,Stroke,1,train
97 (7).jpg,Stroke,1,train
94 (25).jpg,Stroke,1,train
83 (5).jpg,Stroke,1,train
92 (34).jpg,Stroke,1,train
70 (21).jpg,Stroke,1,train
81 (11).jpg,Stroke,1,train
89 (4).jpg,Stroke,1,train
73 (4).jpg,Stroke,1,train
67 (16).jpg,Stroke,1,train
83 (7).jpg,Stroke,1,train
90 (8).jpg,Stroke,1,train
78 (6).jpg,Stroke,1,train
71 (18).jpg,Stroke,1,train
71 (16).jpg,Stroke,1,train
72 (26).jpg,Stroke,1,train
91 (12).jpg,Stroke,1,train
89 (43).jpg,Stroke,1,train
74 (9).jpg,Stroke,1,train
84 (33).jpg,Stroke,1,train
88 (13).jpg,Stroke,1,train
88 (20).jpg,Stroke,1,train
86 (22).jpg,Stroke,1,train
71 (12).jpg,Stroke,1,train
90 (7).jpg,Stroke,1,train
77 (5).jpg,Stroke,1,train
69 (12).jpg,Stroke,1,train
66 (1).jpg,Stroke,1,train
83 (15).jpg,Stroke,1,train
58 (27).jpg,Stroke,1,train
72 (20).jpg,Stroke,1,train
77 (7).jpg,Stroke,1,train
78 (23).jpg,Stroke,1,train
75 (10).jpg,Stroke,1,train
93 (18).jpg,Stroke,1,train
58 (25).jpg,Stroke,1,train
83 (36).jpg,Stroke,1,train
92 (10).jpg,Stroke,1,train
89 (31).jpg,Stroke,1,train
86 (12).jpg,Stroke,1,train
83 (33).jpg,Stroke,1,train
83 (13).jpg,Stroke,1,train
71 (46).jpg,Stroke,1,train
84 (12).jpg,Stroke,1,train
84 (10).jpg,Stroke,1,train
86 (3).jpg,Stroke,1,train
58 (5).jpg,Stroke,1,train
81 (23).jpg,Stroke,1,train
75 (32).jpg,Stroke,1,train
93 (8).jpg,Stroke,1,train
72 (19).jpg,Stroke,1,train
75 (13).jpg,Stroke,1,train
70 (5).jpg,Stroke,1,train
90 (22).jpg,Stroke,1,train
81 (19).jpg,Stroke,1,train
79 (11).jpg,Stroke,1,train
84 (20).jpg,Stroke,1,train
84 (3).jpg,Stroke,1,train
91 (38).jpg,Stroke,1,train
90 (17).jpg,Stroke,1,train
72 (15).jpg,Stroke,1,train
76 (5).jpg,Stroke,1,train
86 (2).jpg,Stroke,1,train
72 (24).jpg,Stroke,1,train
91 (2).jpg,Stroke,1,train
91 (31).jpg,Stroke,1,train
75 (5).jpg,Stroke,1,train
70 (33).jpg,Stroke,1,train
90 (25).jpg,Stroke,1,train
66 (37).jpg,Stroke,1,train
84 (36).jpg,Stroke,1,train
81 (29).jpg,Stroke,1,train
92 (19).jpg,Stroke,1,train
89 (41).jpg,Stroke,1,train
78 (36).jpg,Stroke,1,train
83 (20).jpg,Stroke,1,train
97 (20).jpg,Stroke,1,train
92 (6).jpg,Stroke,1,train
72 (13).jpg,Stroke,1,train
88 (35).jpg,Stroke,1,train
89 (34).jpg,Stroke,1,train
92 (17).jpg,Stroke,1,train
82 (1).jpg,Stroke,1,train
73 (30).jpg,Stroke,1,train
78 (17).jpg,Stroke,1,train
92 (3).jpg,Stroke,1,train
87 (7).jpg,Stroke,1,train
76 (27).jpg,Stroke,1,train
73 (19).jpg,Stroke,1,train
87 (23).jpg,Stroke,1,train
70 (42).jpg,Stroke,1,train
71 (3).jpg,Stroke,1,train
79 (8).jpg,Stroke,1,train
94 (17).jpg,Stroke,1,train
91 (40).jpg,Stroke,1,train
91 (21).jpg,Stroke,1,train
79 (5).jpg,Stroke,1,train
72 (2).jpg,Stroke,1,train
71 (14).jpg,Stroke,1,train
78 (19).jpg,Stroke,1,train
89 (19).jpg,Stroke,1,train
69 (31).jpg,Stroke,1,train
91 (17).jpg,Stroke,1,train
93 (5).jpg,Stroke,1,train
79 (19).jpg,Stroke,1,train
58 (33).jpg,Stroke,1,train
82 (23).jpg,Stroke,1,train
79 (17).jpg,Stroke,1,train
70 (7).jpg,Stroke,1,train
69 (5).jpg,Stroke,1,train
68 (2).jpg,Stroke,1,train
75 (4).jpg,Stroke,1,train
86 (25).jpg,Stroke,1,train
81 (3).jpg,Stroke,1,train
69 (22).jpg,Stroke,1,train
72 (8).jpg,Stroke,1,train
94 (9).jpg,Stroke,1,train
78 (30).jpg,Stroke,1,train
71 (4).jpg,Stroke,1,train
73 (28).jpg,Stroke,1,train
86 (36).jpg,Stroke,1,train
80 (34).jpg,Stroke,1,train
97 (14).jpg,Stroke,1,train
92 (36).jpg,Stroke,1,train
94 (8).jpg,Stroke,1,train
68 (27).jpg,Stroke,1,train
84 (22).jpg,Stroke,1,train
58 (31).jpg,Stroke,1,train
86 (33).jpg,Stroke,1,train
84 (32).jpg,Stroke,1,train
87 (15).jpg,Stroke,1,train
72 (3).jpg,Stroke,1,train
83 (6).jpg,Stroke,1,train
77 (43).jpg,Stroke,1,train
76 (43).jpg,Stroke,1,train
58 (8).jpg,Stroke,1,train
82 (16).jpg,Stroke,1,train
78 (28).jpg,Stroke,1,train
71 (10).jpg,Stroke,1,train
81 (10).jpg,Stroke,1,train
91 (1).jpg,Stroke,1,train
93 (32).jpg,Stroke,1,train
88 (28).jpg,Stroke,1,train
90 (13).jpg,Stroke,1,train
66 (25).jpg,Stroke,1,train
69 (29).jpg,Stroke,1,train
75 (7).jpg,Stroke,1,train
68 (30).jpg,Stroke,1,train
82 (4).jpg,Stroke,1,train
94 (35).jpg,Stroke,1,train
93 (29).jpg,Stroke,1,train
76 (42).jpg,Stroke,1,train
83 (11).jpg,Stroke,1,train
73 (23).jpg,Stroke,1,train
93 (24).jpg,Stroke,1,train
88 (30).jpg,Stroke,1,train
86 (19).jpg,Stroke,1,train
80 (38).jpg,Stroke,1,train
77 (6).jpg,Stroke,1,train
58 (3).jpg,Stroke,1,train
82 (26).jpg,Stroke,1,train
92 (5).jpg,Stroke,1,train
94 (4).jpg,Stroke,1,train
76 (7).jpg,Stroke,1,train
88 (5).jpg,Stroke,1,train
67 (6).jpg,Stroke,1,train
71 (2).jpg,Stroke,1,train
78 (40).jpg,Stroke,1,train
73 (11).jpg,Stroke,1,train
76 (39).jpg,Stroke,1,train
58 (10).jpg,Stroke,1,train
92 (9).jpg,Stroke,1,train
74 (40).jpg,Stroke,1,train
69 (6).jpg,Stroke,1,train
73 (12).jpg,Stroke,1,train
82 (2).jpg,Stroke,1,train
58 (26).jpg,Stroke,1,train
83 (10).jpg,Stroke,1,train
81 (43).jpg,Stroke,1,train
83 (23).jpg,Stroke,1,train
67 (10).jpg,Stroke,1,train
80 (20).jpg,Stroke,1,train
97 (36).jpg,Stroke,1,train
85 (6).jpg,Stroke,1,train
66 (3).jpg,Stroke,1,train
69 (16).jpg,Stroke,1,train
94 (11).jpg,Stroke,1,train
86 (14).jpg,Stroke,1,train
74 (37).jpg,Stroke,1,train
94 (31).jpg,Stroke,1,train
90 (4).jpg,Stroke,1,train
89 (25).jpg,Stroke,1,train
83 (22).jpg,Stroke,1,train
88 (26).jpg,Stroke,1,train
94 (41).jpg,Stroke,1,train
91 (27).jpg,Stroke,1,train
93 (13).jpg,Stroke,1,train
67 (30).jpg,Stroke,1,train
58 (15).jpg,Stroke,1,train
85 (9).jpg,Stroke,1,train
85 (4).jpg,Stroke,1,train
69 (34).jpg,Stroke,1,train
80 (4).jpg,Stroke,1,train
89 (5).jpg,Stroke,1,train
66 (15).jpg,Stroke,1,train
89 (42).jpg,Stroke,1,train
91 (29).jpg,Stroke,1,train
76 (1).jpg,Stroke,1,train
68 (26).jpg,Stroke,1,train
75 (30).jpg,Stroke,1,train
58 (4).jpg,Stroke,1,train
72 (25).jpg,Stroke,1,train
77 (28).jpg,Stroke,1,train
87 (8).jpg,Stroke,1,train
88 (14).jpg,Stroke,1,train
91 (30).jpg,Stroke,1,train
77 (26).jpg,Stroke,1,train
85 (16).jpg,Stroke,1,train
92 (13).jpg,Stroke,1,train
66 (39).jpg,Stroke,1,train
94 (44).jpg,Stroke,1,train
58 (36).jpg,Stroke,1,train
91 (35).jpg,Stroke,1,train
89 (17).jpg,Stroke,1,train
72 (23).jpg,Stroke,1,train
97 (40).jpg,Stroke,1,train
92 (23).jpg,Stroke,1,train
69 (9).jpg,Stroke,1,train
82 (18).jpg,Stroke,1,train
91 (33).jpg,Stroke,1,train
94 (43).jpg,Stroke,1,train
70 (29).jpg,Stroke,1,train
67 (4).jpg,Stroke,1,train
86 (1).jpg,Stroke,1,train
69 (2).jpg,Stroke,1,train
82 (20).jpg,Stroke,1,train
89 (16).jpg,Stroke,1,train
89 (35).jpg,Stroke,1,train
77 (22).jpg,Stroke,1,train
81 (12).jpg,Stroke,1,train
88 (22).jpg,Stroke,1,train
73 (20).jpg,Stroke,1,train
69 (33).jpg,Stroke,1,train
71 (40).jpg,Stroke,1,train
70 (3).jpg,Stroke,1,train
78 (42).jpg,Stroke,1,train
82 (31).jpg,Stroke,1,train
81 (6).jpg,Stroke,1,train
77 (38).jpg,Stroke,1,train
74 (25).jpg,Stroke,1,train
90 (1).jpg,Stroke,1,train
79 (26).jpg,Stroke,1,train
84 (14).jpg,Stroke,1,train
77 (16).jpg,Stroke,1,train
91 (37).jpg,Stroke,1,train
90 (9).jpg,Stroke,1,train
89 (3).jpg,Stroke,1,train
73 (1).jpg,Stroke,1,train
82 (9).jpg,Stroke,1,train
72 (5).jpg,Stroke,1,train
90 (5).jpg,Stroke,1,train
74 (3).jpg,Stroke,1,train
85 (20).jpg,Stroke,1,train
79 (4).jpg,Stroke,1,train
72 (9).jpg,Stroke,1,train
77 (10).jpg,Stroke,1,train
78 (35).jpg,Stroke,1,train
66 (23).jpg,Stroke,1,train
88 (7).jpg,Stroke,1,train
70 (37).jpg,Stroke,1,train
90 (3).jpg,Stroke,1,train
71 (1).jpg,Stroke,1,train
70 (31).jpg,Stroke,1,train
70 (17).jpg,Stroke,1,train
87 (6).jpg,Stroke,1,train
84 (6).jpg,Stroke,1,train
69 (27).jpg,Stroke,1,train
92 (31).jpg,Stroke,1,train
76 (10).jpg,Stroke,1,train
93 (16).jpg,Stroke,1,train
87 (25).jpg,Stroke,1,train
83 (14).jpg,Stroke,1,train
89 (39).jpg,Stroke,1,train
68 (28).jpg,Stroke,1,train
74 (44).jpg,Stroke,1,train
93 (11).jpg,Stroke,1,train
70 (19).jpg,Stroke,1,train
93 (9).jpg,Stroke,1,train
72 (27).jpg,Stroke,1,train
71 (28).jpg,Stroke,1,train
94 (5).jpg,Stroke,1,train
97 (34).jpg,Stroke,1,train
72 (16).jpg,Stroke,1,val
70 (9).jpg,Stroke,1,val
75 (15).jpg,Stroke,1,val
76 (9).jpg,Stroke,1,val
58 (28).jpg,Stroke,1,val
92 (27).jpg,Stroke,1,val
82 (12).jpg,Stroke,1,val
78 (9).jpg,Stroke,1,val
89 (11).jpg,Stroke,1,val
68 (16).jpg,Stroke,1,val
94 (21).jpg,Stroke,1,val
69 (23).jpg,Stroke,1,val
75 (48).jpg,Stroke,1,val
90 (31).jpg,Stroke,1,val
97 (37).jpg,Stroke,1,val
93 (26).jpg,Stroke,1,val
87 (43).jpg,Stroke,1,val
89 (13).jpg,Stroke,1,val
84 (40).jpg,Stroke,1,val
93 (31).jpg,Stroke,1,val
77 (8).jpg,Stroke,1,val
87 (3).jpg,Stroke,1,val
97 (24).jpg,Stroke,1,val
90 (10).jpg,Stroke,1,val
76 (33).jpg,Stroke,1,val
69 (36).jpg,Stroke,1,val
87 (31).jpg,Stroke,1,val
84 (29).jpg,Stroke,1,val
97 (1).jpg,Stroke,1,val
91 (9).jpg,Stroke,1,val
70 (11).jpg,Stroke,1,val
85 (11).jpg,Stroke,1,val
87 (2).jpg,Stroke,1,val
73 (22).jpg,Stroke,1,val
94 (3).jpg,Stroke,1,val
77 (41).jpg,Stroke,1,val
94 (27).jpg,Stroke,1,val
83 (37).jpg,Stroke,1,val
68 (18).jpg,Stroke,1,val
75 (49).jpg,Stroke,1,val
67 (13).jpg,Stroke,1,val
75 (9).jpg,Stroke,1,val
86 (8).jpg,Stroke,1,val
90 (21).jpg,Stroke,1,val
97 (16).jpg,Stroke,1,val
84 (7).jpg,Stroke,1,val
88 (1).jpg,Stroke,1,val
76 (13).jpg,Stroke,1,val
78 (32).jpg,Stroke,1,val
77 (42).jpg,Stroke,1,val
74 (27).jpg,Stroke,1,val
77 (24).jpg,Stroke,1,val
77 (1).jpg,Stroke,1,val
70 (25).jpg,Stroke,1,val
85 (2).jpg,Stroke,1,val
82 (27).jpg,Stroke,1,val
92 (15).jpg,Stroke,1,val
79 (24).jpg,Stroke,1,val
79 (23).jpg,Stroke,1,val
88 (8).jpg,Stroke,1,val
73 (18).jpg,Stroke,1,val
66 (17).jpg,Stroke,1,val
70 (45).jpg,Stroke,1,val
86 (6).jpg,Stroke,1,val
81 (8).jpg,Stroke,1,val
97 (2).jpg,Stroke,1,val
89 (14).jpg,Stroke,1,val
76 (21).jpg,Stroke,1,val
91 (3).jpg,Stroke,1,val
80 (10).jpg,Stroke,1,val
67 (1).jpg,Stroke,1,val
90 (26).jpg,Stroke,1,val
81 (5).jpg,Stroke,1,val
80 (7).jpg,Stroke,1,val
85 (15).jpg,Stroke,1,val
75 (36).jpg,Stroke,1,val
71 (20).jpg,Stroke,1,val
87 (13).jpg,Stroke,1,val
84 (15).jpg,Stroke,1,val
80 (1).jpg,Stroke,1,val
66 (2).jpg,Stroke,1,val
83 (31).jpg,Stroke,1,val
84 (27).jpg,Stroke,1,val
80 (3).jpg,Stroke,1,val
77 (4).jpg,Stroke,1,val
93 (34).jpg,Stroke,1,val
84 (4).jpg,Stroke,1,val
85 (5).jpg,Stroke,1,val
68 (10).jpg,Stroke,1,val
91 (32).jpg,Stroke,1,val
91 (6).jpg,Stroke,1,val
74 (33).jpg,Stroke,1,val
77 (18).jpg,Stroke,1,val
66 (5).jpg,Stroke,1,val
66 (13).jpg,Stroke,1,val
80 (12).jpg,Stroke,1,val
80 (28).jpg,Stroke,1,val
93 (20).jpg,Stroke,1,val
67 (23).jpg,Stroke,1,val
82 (10).jpg,Stroke,1,val
76 (37).jpg,Stroke,1,val
66 (41).jpg,Stroke,1,val
84 (37).jpg,Stroke,1,val
74 (14).jpg,Stroke,1,val
75 (1).jpg,Stroke,1,val
86 (24).jpg,Stroke,1,val
94 (45).jpg,Stroke,1,val
80 (37).jpg,Stroke,1,val
67 (15).jpg,Stroke,1,val
79 (25).jpg,Stroke,1,val
70 (12).jpg,Stroke,1,val
75 (26).jpg,Stroke,1,val
86 (20).jpg,Stroke,1,val
75 (38).jpg,Stroke,1,val
86 (18).jpg,Stroke,1,val
86 (28).jpg,Stroke,1,val
86 (35).jpg,Stroke,1,val
83 (9).jpg,Stroke,1,val
88 (11).jpg,Stroke,1,val
79 (9).jpg,Stroke,1,val
84 (26).jpg,Stroke,1,val
92 (32).jpg,Stroke,1,val
83 (8).jpg,Stroke,1,val
97 (13).jpg,Stroke,1,val
80 (32).jpg,Stroke,1,val
81 (33).jpg,Stroke,1,val
86 (21).jpg,Stroke,1,val
91 (11).jpg,Stroke,1,val
70 (6).jpg,Stroke,1,val
67 (27).jpg,Stroke,1,val
87 (19).jpg,Stroke,1,val
90 (28).jpg,Stroke,1,val
90 (29).jpg,Stroke,1,val
70 (15).jpg,Stroke,1,val
85 (10).jpg,Stroke,1,val
70 (46).jpg,Stroke,1,val
71 (38).jpg,Stroke,1,val
73 (26).jpg,Stroke,1,val
69 (8).jpg,Stroke,1,val
68 (3).jpg,Stroke,1,val
72 (7).jpg,Stroke,1,val
70 (1).jpg,Stroke,1,val
86 (4).jpg,Stroke,1,test
89 (33).jpg,Stroke,1,test
76 (35).jpg,Stroke,1,test
76 (31).jpg,Stroke,1,test
91 (14).jpg,Stroke,1,test
71 (30).jpg,Stroke,1,test
91 (5).jpg,Stroke,1,test
97 (39).jpg,Stroke,1,test
94 (37).jpg,Stroke,1,test
97 (6).jpg,Stroke,1,test
82 (15).jpg,Stroke,1,test
67 (28).jpg,Stroke,1,test
70 (41).jpg,Stroke,1,test
91 (19).jpg,Stroke,1,test
75 (8).jpg,Stroke,1,test
72 (22).jpg,Stroke,1,test
76 (15).jpg,Stroke,1,test
90 (11).jpg,Stroke,1,test
75 (16).jpg,Stroke,1,test
78 (11).jpg,Stroke,1,test
67 (3).jpg,Stroke,1,test
82 (28).jpg,Stroke,1,test
78 (2).jpg,Stroke,1,test
84 (35).jpg,Stroke,1,test
93 (14).jpg,Stroke,1,test
73 (14).jpg,Stroke,1,test
68 (32).jpg,Stroke,1,test
79 (22).jpg,Stroke,1,test
67 (9).jpg,Stroke,1,test
76 (8).jpg,Stroke,1,test
88 (2).jpg,Stroke,1,test
80 (26).jpg,Stroke,1,test
97 (12).jpg,Stroke,1,test
91 (8).jpg,Stroke,1,test
70 (44).jpg,Stroke,1,test
97 (26).jpg,Stroke,1,test
58 (30).jpg,Stroke,1,test
92 (7).jpg,Stroke,1,test
69 (1).jpg,Stroke,1,test
93 (6).jpg,Stroke,1,test
78 (41).jpg,Stroke,1,test
86 (32).jpg,Stroke,1,test
89 (1).jpg,Stroke,1,test
78 (26).jpg,Stroke,1,test
84 (17).jpg,Stroke,1,test
79 (14).jpg,Stroke,1,test
84 (2).jpg,Stroke,1,test
75 (20).jpg,Stroke,1,test
67 (29).jpg,Stroke,1,test
80 (24).jpg,Stroke,1,test
58 (29).jpg,Stroke,1,test
79 (21).jpg,Stroke,1,test
66 (21).jpg,Stroke,1,test
89 (8).jpg,Stroke,1,test
78 (13).jpg,Stroke,1,test
67 (2).jpg,Stroke,1,test
76 (4).jpg,Stroke,1,test
92 (12).jpg,Stroke,1,test
87 (4).jpg,Stroke,1,test
93 (1).jpg,Stroke,1,test
83 (38).jpg,Stroke,1,test
81 (44).jpg,Stroke,1,test
72 (30).jpg,Stroke,1,test
88 (4).jpg,Stroke,1,test
82 (8).jpg,Stroke,1,test
77 (36).jpg,Stroke,1,test
69 (25).jpg,Stroke,1,test
70 (48).jpg,Stroke,1,test
97 (18).jpg,Stroke,1,test
97 (4).jpg,Stroke,1,test
81 (4).jpg,Stroke,1,test
94 (13).jpg,Stroke,1,test
69 (14).jpg,Stroke,1,test
75 (46).jpg,Stroke,1,test
74 (39).jpg,Stroke,1,test
73 (25).jpg,Stroke,1,test
90 (32).jpg,Stroke,1,test
69 (32).jpg,Stroke,1,test
90 (6).jpg,Stroke,1,test
72 (11).jpg,Stroke,1,test
74 (8).jpg,Stroke,1,test
71 (5).jpg,Stroke,1,test
58 (18).jpg,Stroke,1,test
66 (40).jpg,Stroke,1,test
84 (8).jpg,Stroke,1,test
78 (10).jpg,Stroke,1,test
72 (21).jpg,Stroke,1,test
66 (27).jpg,Stroke,1,test
75 (14).jpg,Stroke,1,test
87 (39).jpg,Stroke,1,test
82 (30).jpg,Stroke,1,test
81 (21).jpg,Stroke,1,test
84 (39).jpg,Stroke,1,test
94 (29).jpg,Stroke,1,test
87 (9).jpg,Stroke,1,test
74 (29).jpg,Stroke,1,test
68 (4).jpg,Stroke,1,test
79 (16).jpg,Stroke,1,test
76 (25).jpg,Stroke,1,test
68 (8).jpg,Stroke,1,test
82 (17).jpg,Stroke,1,test
90 (24).jpg,Stroke,1,test
97 (38).jpg,Stroke,1,test
74 (11).jpg,Stroke,1,test
78 (39).jpg,Stroke,1,test
79 (27).jpg,Stroke,1,test
85 (17).jpg,Stroke,1,test
81 (2).jpg,Stroke,1,test
79 (1).jpg,Stroke,1,test
87 (29).jpg,Stroke,1,test
79 (3).jpg,Stroke,1,test
74 (10).jpg,Stroke,1,test
67 (32).jpg,Stroke,1,test
87 (5).jpg,Stroke,1,test
66 (33).jpg,Stroke,1,test
85 (8).jpg,Stroke,1,test
90 (23).jpg,Stroke,1,test
97 (32).jpg,Stroke,1,test
70 (2).jpg,Stroke,1,test
66 (38).jpg,Stroke,1,test
94 (33).jpg,Stroke,1,test
67 (5).jpg,Stroke,1,test
84 (5).jpg,Stroke,1,test
84 (11).jpg,Stroke,1,test
91 (15).jpg,Stroke,1,test
75 (40).jpg,Stroke,1,test
89 (23).jpg,Stroke,1,test
75 (2).jpg,Stroke,1,test
77 (2).jpg,Stroke,1,test
70 (23).jpg,Stroke,1,test
76 (19).jpg,Stroke,1,test
80 (15).jpg,Stroke,1,test
78 (5).jpg,Stroke,1,test
77 (30).jpg,Stroke,1,test
72 (17).jpg,Stroke,1,test
82 (6).jpg,Stroke,1,test
90 (12).jpg,Stroke,1,test
68 (12).jpg,Stroke,1,test
58 (7).jpg,Stroke,1,test
86 (26).jpg,Stroke,1,test
89 (7).jpg,Stroke,1,test
69 (4).jpg,Stroke,1,test
67 (17).jpg,Stroke,1,test
